USE iccoyhj8bufdo6ec;
DROP TABLE IF EXISTS tblHave;
DROP TABLE IF EXISTS tblDelivery;
DROP TABLE IF EXISTS tblPayment;
DROP TABLE IF EXISTS tblProductRating;
DROP TABLE IF EXISTS tblShoppingCart;
DROP TABLE IF EXISTS tblRating;
DROP TABLE IF EXISTS tblProduct;
DROP TABLE IF EXISTS tblType;
DROP TABLE IF EXISTS tblCategory;
DROP TABLE IF EXISTS tblUser;
DROP TABLE IF EXISTS tblRights;
DROP TABLE IF EXISTS tblIngredient;
DROP TABLE IF EXISTS tblRecipeStep;
DROP TABLE IF EXISTS tblRecipe;

-- Rights and User SQL from author @LuxJoghurt (Pedro Ribeiro Costa)

CREATE TABLE tblRights(
    idRight INT NOT NULL AUTO_INCREMENT,
    dtRight VARCHAR(6) NOT NULL,
    PRIMARY KEY (idRight)
);

INSERT INTO tblRights (idRight, dtRight)
    VALUES (1, 'Admin'),
        (2, 'Staff'),
        (3, 'User');


CREATE TABLE tblUser(
    idUsername VARCHAR(10) UNIQUE NOT NULL,
    dtFirstName VARCHAR(40) NOT NULL,
    dtLastName VARCHAR(40) NOT NULL,
    dtPassword VARCHAR(80) NOT NULL,
    dtEmail VARCHAR(50) NOT NULL,
    dtTelephone VARCHAR(15),
    dtPLZ VARCHAR(6) NOT NULL,
    dtHouseNR VARCHAR(3) NOT NULL,
    dtStreet VARCHAR(35) NOT NULL,
    dtCity VARCHAR(35) NOT NULL,
    dtCountry VARCHAR(30) NOT NULL,
    dtRole VARCHAR(30) NOT NULL,
    dtCardNumber VARCHAR(16),
    dtCardHolder VARCHAR(50),
    dtValidDate VARCHAR(5),
    dtCVV VARCHAR(3),
    fiRight INT NOT NULL,
    PRIMARY KEY (idUsername),
    FOREIGN KEY (fiRight) REFERENCES tblRights (idRight) ON DELETE CASCADE ON UPDATE CASCADE
);

INSERT INTO tblUser
VALUES  ('admin', 'Admin', 'Admin', '8c6976e5b5410415bde908bd4dee15dfb167a9c873fc4bb8a81f6f2ab448a918', 'admin@admin.lu', '621 345 345', '1234', '3', 'Am Seif', 'Bissen', '/', 'Admin', NULL, NULL, NULL, NULL, 1),
        ('staff' , 'Staff', 'Staff', '1562206543da764123c21bd524674f0a8aaf49c8a89744c97352fe677f7e4006', 'staff@staff.lu', '691 567 567', '1234', '3', 'Am Seif', 'Bissen', '/', 'Staff', NULL, NULL, NULL, NULL, 2),
        ('user', 'User', 'User', '04f8996da763b7a969b1028ee3007569eaf3a635486ddab211d512c85b9df8fb', 'user@user.lu', '621 788 897', '1234', '3', 'Am Seif', 'Bissen', '/', 'Client', NULL, NULL, NULL, NULL, 3),
        ('ribpe261', 'Pedro', 'Ribeiro Costa', 'd9b5f58f0b38198293971865a14074f59eba3e82595becbe86ae51f1d9f1f65e', 'ribpe261@school.lu', '691 522 129', '1940', '274', 'route de Longwy', 'Luxembourg', '/', 'Project Manager', NULL, NULL, NULL, NULL, 1),
        ('frith033', 'Thibaut', 'Friederici', 'd9b5f58f0b38198293971865a14074f59eba3e82595becbe86ae51f1d9f1f65e', 'frith033@school.lu', '691 703 747', '6724', '13', 'Rue des Foyers', 'Grevenmacher', '/', 'Database Administrator', NULL, NULL, NULL, NULL, 1),
        ('friti725', 'Tim', 'Frisch', 'd9b5f58f0b38198293971865a14074f59eba3e82595becbe86ae51f1d9f1f65e', 'friti725@school.lu', '621 816 424', '6183', '39', 'rue de ecole', 'Gonderange', '/', 'Web Designer', NULL, NULL, NULL, NULL, 1),
        ('guoka342', 'Guo', 'Kaidi', 'd9b5f58f0b38198293971865a14074f59eba3e82595becbe86ae51f1d9f1f65e', 'guoka342@school.lu', '661520300', '3429', '12', 'route de Burange', 'Dudelange', '/', 'Head Chef', '4269845624516715', 'GUO KAIDI', '11/28', '420', 1),
        ('gammi625', 'Mihails', 'Gamass', 'd9b5f58f0b38198293971865a14074f59eba3e82595becbe86ae51f1d9f1f65e', 'gammi625@school.lu', '691 879 699', '8380', '13', 'Rue de la Gare', 'Steinfort', '/', 'Scrum Master', NULL, NULL, NULL, NULL, 1),
        ('forlu102', 'Luca', 'Formica', 'd9b5f58f0b38198293971865a14074f59eba3e82595becbe86ae51f1d9f1f65e', 'forlu102@school.lu', '661 258 604', '5690', '30', 'Route d’Erpeldange', 'Ellange', '/', 'IT Administrator', NULL, NULL, NULL, NULL, 1);

-- Category, Typ and Product SQL from author @Luxbaut (Friederici Thibaut)
 
CREATE TABLE tblCategory (
     idCategory VARCHAR(5) NOT NULL UNIQUE,
     dtName VARCHAR(100) NOT NULL,
     dtDescription VARCHAR(1000) NOT NULL,
     dtImage VARCHAR(200) NOT NULL,
     PRIMARY KEY (idCategory)
);

INSERT INTO tblCategory
    VALUES  ('MILK','Milk and dairy drinks','Milk drinks are becoming increasingly popular, especially among young people. Strawberry, vanilla or chocolate drinks prepared with Luxembourg milk give you a wide range of drinks to enjoy and something to satisfy those hunger pangs. Calcium, found in large quantities in milk, is an essential element for good bone health. Milk proteins are highly digestible, satisfy hunger and are crucial for the formation of muscles and cells.','https://www.luxlait.lu/wp-content/uploads/2019/09/AdobeStock_189823239.jpeg'),
    ('FMILK','Fermented Milks','For several years, we have been developing a whole range of fermented milks. First of all, there is the classic fermented milk “Buttermilk”, which is very much appreciated by our customers from the Maghreb and the Middle East. “Kefir”, a fermented milk of Caucasian origin, is currently experiencing a major boom in Europe. We also produce less well-known milk drinks such as “Raïbi”, with the delicious taste of Moroccan pomegranate, which children particularly enjoy.','https://www.luxlait.lu/wp-content/uploads/2020/05/AdobeStock_233376322-1-scaled.jpeg'),
    ('BUTT','Butters','Thanks to its subtle taste and excellent texture, Luxembourg butter is the essential ingredient to make a success of and enhance your main courses and desserts. The expertise of Luxembourg butter is particularly found in Luxlait rose butter, a PDO recipe unchanged since 1932. Indeed, butter production dates back to the origins of civilisation. Traces of butters have been found in graves dating back 2,000 years.','https://www.luxlait.lu/wp-content/uploads/2020/05/AdobeStock_158114052-scaled.jpeg'),
    ('CREA','Creams','Our different creams are reminiscent of the taste of the pastures of the Grand Duchy, like all the artisan products resulting from the love of work well done. The milk on which our creams are based comes exclusively from farms on Luxembourg territory. It is subject to ongoing controls and remains a certified product. Try our creams for desserts and main courses: their quality will convince you!','https://www.luxlait.lu/wp-content/uploads/2019/09/AdobeStock_126465109.jpeg'),
    ('FRECH','Fresh cheeses','Fresh cheese, also called “Wäisse Kéis” or “Stoffi” in Luxembourgish, can be eaten in several ways, as a spread on bread, with fresh fruit or jam. Savour the delicate smoothness of our fromage blanc, you will be delighted by its lightness and freshness. For people who are particularly weight conscious, our “Wellness Snack Fit” is ideal to enjoy with no regrets.','https://www.luxlait.lu/wp-content/uploads/2020/05/AdobeStock_247192812-scaled.jpeg'),
    ('CHEES','Cheeses','Cheese has become an indispensable part of our diet. Almost no other food is so varied in taste. This is not surprising, because almost everywhere in the world where there is milk production, there is bound to be cheese. All cheesemakers use their own personal recipe for the production and maturing of the cheese. Luxlait does the same and the quality of its cheeses has been appreciated beyond the borders of Luxembourg for decades.','https://www.luxlait.lu/wp-content/uploads/2020/05/AdobeStock_280881003-scaled.jpeg'),
    ('YAOU','Yaourts','Yoghurt is an ancient food, still very much appreciated for its healthy and nutritious aspect. The bacteria found in yoghurt are beneficial for the intestinal flora. Its good dose of protein, combined with a low glycaemic index, makes it a recommended food being nutritious for children, athletes and the elderly thanks to its high calcium content.','https://www.luxlait.lu/wp-content/uploads/2020/05/AdobeStock_57845437-scaled.jpeg'),
    ('DDESS','Dairy desserts','Like all products from milk processing, dairy desserts begin their manufacturing cycle with the collection and processing of milk. Custards, rice pudding and many dairy desserts are found in our Luxembourg culinary tradition. To be included in this classification of dairy desserts, they must be made with at least 50% milk. Dairy desserts','https://www.luxlait.lu/wp-content/uploads/2020/05/AdobeStock_199835775-scaled.jpeg'),
    ('ICECR','Ice cream','In the 1960s, Luxlait started producing ice cream under the brand name Eskimo Pie. Today, our Luxlait ice creams are made exclusively with fresh cream and 100% Luxembourg milk, natural flavours and high quality fruit preparations. We also produce delicious sorbets, enhanced with Marc de Riesling and a French orange liqueur. Not to mention our organic ice cream.','https://www.luxlait.lu/wp-content/uploads/2020/05/AdobeStock_219096967-1-scaled.jpeg'),
    ('BISC','Biscuits','We only prepare our biscuits with our high quality rose butter. It gives our biscuits their very special taste. They are biscuits with chocolate chips and various shortbread biscuits, including honey/sesame, orange/chocolate or almond/lemon. Also try our madeleines, made with our LUXLAIT cream cheese!','https://www.luxlait.lu/wp-content/uploads/2019/09/produits-biscuits-luxlait.jpg');

CREATE TABLE tblType(
    idType INT NOT NULL AUTO_INCREMENT,
    dtType VARCHAR(50) NOT NULL,
    dtDescription VARCHAR(1400) NOT NULL,
    dtImage VARCHAR(200) NOT NULL,
    dtBackgroundImage VARCHAR(200) NOT NULL,
    dtIcons VARCHAR(200) NOT NULL,
    dtIconsDescription VARCHAR(100) NOT NULL,
    fiCategory VARCHAR(5) NOT NULL,
    PRIMARY KEY (idType),
    FOREIGN KEY (fiCategory) REFERENCES tblCategory (idCategory) ON DELETE CASCADE ON UPDATE CASCADE
);

INSERT INTO tblType (dtType, dtDescription, dtImage, dtBackgroundImage,dtIcons,dtIconsDescription, fiCategory)
VALUES ('Fresh Milk','At Luxlait, we have chosen to use a process called microfiltration. Microfiltered milk stays fresh longer while retaining its taste and nutritional properties.','https://www.luxlait.lu/wp-content/uploads/2021/10/Lait-frais-3.5-1L_1_HD_OK_-1-336x1024.png','https://www.luxlait.lu/wp-content/uploads/2020/05/pexels-mart-production-8108153-scaled.jpg','https://www.luxlait.lu/wp-content/uploads/2020/10/Icon-34.svg;https://www.luxlait.lu/wp-content/uploads/2019/09/Icon-01.svg;https://www.luxlait.lu/wp-content/uploads/2019/09/Icon-11.svg','Freshness;100% Luxembourg milk;Long shelf life','MILK'),
('UHT Milk','UHT milk can be stored for several months at room temperature, given that its packaging is closed. After opening, it should be placed in the refrigerator and consumed quickly. UHT milk has the longest shelf-life.','https://www.luxlait.lu/wp-content/uploads/2019/09/Lait-UHT-1.5-1L_1_HD_OK-526x1536.png','https://www.luxlait.lu/wp-content/uploads/2020/06/Lait-UHT-scaled-e1591685949925.jpeg','https://www.luxlait.lu/wp-content/uploads/2019/09/Icon-11.svg;https://www.luxlait.lu/wp-content/uploads/2019/09/Icon-01.svg;https://www.luxlait.lu/wp-content/uploads/2019/09/Icon-13.svg','Long-life;100% Luxembourg milk;Practical format','MILK'),
('Lactose-free milk','Discover the first 0% lactose milk with 100% luxembourgish milk. This quality product doesn""t just taste good but also has a long shelf life.','https://www.luxlait.lu/wp-content/uploads/2020/10/Lait_UHT_O-lactose_-540x1536.png','https://www.luxlait.lu/wp-content/uploads/2020/05/AdobeStock_379008094-scaled.jpeg','https://www.luxlait.lu/wp-content/uploads/2019/09/Icon-01.svg;https://www.luxlait.lu/wp-content/uploads/2019/09/Icon-11.svg;https://www.luxlait.lu/wp-content/uploads/2019/09/Icon-13.svg','100% Luxembourg milk;Long-life;Practical format','MILK'),
('Organic Milk','Luxlait organic milk is available in two versions: fresh microfiltered milk, for optimal preservation of the taste and semi-skimmed UHT milk that you can store for several months at room temperature.','https://www.luxlait.lu/wp-content/uploads/2019/09/Lait-UHT-Bio-3.png','https://www.luxlait.lu/wp-content/uploads/2020/05/AdobeStock_379008094-scaled.jpeg','https://www.luxlait.lu/wp-content/uploads/2020/10/Icon-34.svg;https://www.luxlait.lu/wp-content/uploads/2019/09/Icon-09.svg;https://www.luxlait.lu/wp-content/uploads/2019/09/Icon-11.svg','Freshness;Organic;Long-life','MILK'),
('Fresh Chocolate Milk','The creamy whole milk and rich taste of cocoa have made our chocolate milk a real bestseller.','https://www.luxlait.lu/wp-content/uploads/2020/05/Lait-choco-frais_1L_face-330x1024.png','https://www.luxlait.lu/wp-content/uploads/2022/03/banner-schocko.png','https://www.luxlait.lu/wp-content/uploads/2020/10/Icon-34.svg;https://www.luxlait.lu/wp-content/uploads/2019/09/Icon-01.svg;https://www.luxlait.lu/wp-content/uploads/2019/09/Icon-31.svg','Freshness;100% Luxembourg milk;Pleasure break','MILK'),
('Shakers','Our shakers are available in 8 different flavours. The 25cl format and lid make them perfect to enjoy on the go.','https://www.luxlait.lu/wp-content/uploads/2019/09/TPA-250-E-DreamCap26-White-2b43c425-e38f-4d79-b6bd-d3b837c4085e.png','https://www.luxlait.lu/wp-content/uploads/2019/09/Milkys-Shakers-1.png','https://www.luxlait.lu/wp-content/uploads/2019/09/Icon-31.svg;https://www.luxlait.lu/wp-content/uploads/2019/09/Icon-35.svg;https://www.luxlait.lu/wp-content/uploads/2019/09/Icon-11.svg','Pleasure break;Convenient and resealable;Long-life','MILK'),
('Funny drink','Our Funny Drink is a fresh and fruity drink with 0% fat. Enriched with vitamins it has all the benefits of milk and a fresh orange juice.','https://www.luxlait.lu/wp-content/uploads/2019/09/Funny-drink-orange-1.png','https://www.luxlait.lu/wp-content/uploads/2019/09/AdobeStock_111762630-scaled.jpeg','https://www.luxlait.lu/wp-content/uploads/2020/10/Icon-34.svg;https://www.luxlait.lu/wp-content/uploads/2019/09/Icon-22.svg;https://www.luxlait.lu/wp-content/uploads/2019/09/Icon-11.svg','Freshness;Low fat;Long-life','MILK'),
('Egg Nog','Our egg nog is a creamy winter speciality with vanilla and non-alcoholic rum aroma. You can enjoy it hot or cold at any moment of the day. Tip for the adults: Add some rum for a festive drink.','https://www.luxlait.lu/wp-content/uploads/2019/09/Egg-nog-frais-0.75L_5_HD_OK_-600x1536.png','https://www.luxlait.lu/wp-content/uploads/2019/09/AdobeStock_305410036-scaled.jpeg','https://www.luxlait.lu/wp-content/uploads/2019/09/Icon-30.svg;https://www.luxlait.lu/wp-content/uploads/2019/09/Icon-29.svg;https://www.luxlait.lu/wp-content/uploads/2019/09/Icon-11.svg','Traditional recipe;Alcohol-free;Long-life','MILK'),
('Fremented milk','The smooth and tasty recipe of Luxlait fermented milk has received a great feedback from all consumers. For more than 30 years, this tasty and slightly acidic drink has been the number one seller in Europe.','https://www.luxlait.lu/wp-content/uploads/2020/05/Lait-Fermente%CC%81-1L_face-2-e1641394646525-768x1214.png','https://www.luxlait.lu/wp-content/uploads/2019/09/AdobeStock_258027069-scaled.jpeg','https://www.luxlait.lu/wp-content/uploads/2019/09/Icon-33.svg;https://www.luxlait.lu/wp-content/uploads/2019/09/Icon-16.svg;https://www.luxlait.lu/wp-content/uploads/2019/09/Icon-18.svg','100% natural;Halal;Creamy texture','FMILK'),
('Lassi','Mango Lassi, born of Indian and Pakistani culinary traditions, is a testament to the love of flavours that define their heritage. Born in the Punjab Region of north India an eastern Pakistan, this exquisite drink is a harmonious marriage of the two nations’ passion for culture and taste. Whether enjoyed on busy street corners, in the tranquillity of homes or as a cherished offering on festive occasions, it reflects the essence of unity and conviviality that define the Pakistani and Indian communities. Luxlait Mango Lassi takes this traditional yoghurt recipe and creates a delicious, refreshing, smooth drink. Offering a glass of Lassi is not just a gesture of refreshment; it is a deeply rooted expression of hospitality. It symbolises the generosity and warmth that define the spirit of Indian and Pakistani communities.','https://www.luxlait.lu/wp-content/uploads/2024/01/TT-1000-Base-WEB-2.png','https://www.luxlait.lu/wp-content/uploads/2024/01/Lassi-Background-Web.jpg','https://www.luxlait.lu/wp-content/uploads/2019/09/Icon-33.svg;https://www.luxlait.lu/wp-content/uploads/2019/09/Icon-16.svg;https://www.luxlait.lu/wp-content/uploads/2019/09/Icon-07.svg','100 % natural;Halal;Source of Protein','FMILK'),
('Laben Beldi','Traditionally, the milk is whisked in a “Garba” for several hours, to obtain fermented milk. The Laben Beldi is then poured into a terracotta jug. This is covered with a wet Hessian cloth in order to preserve the freshness of the Laben as long as possible. At Luxlait we reproduce this traditional recipe from the Hauts Plateaux of the Atlas Mountains as faithfully as possible.','https://www.luxlait.lu/wp-content/uploads/2021/02/55190-Laben_1L-web-e1612252447339.png','https://www.luxlait.lu/wp-content/uploads/2021/01/Bannie%CC%80re_Laben-Beldi-scaled.jpg','https://www.luxlait.lu/wp-content/uploads/2019/09/Icon-15.svg;https://www.luxlait.lu/wp-content/uploads/2019/10/Icon-Calcium.svg;https://www.luxlait.lu/wp-content/uploads/2019/09/Icon-16.svg','High-protein;Source of calcium;Halal','FMILK'),
('Raïb','Raib will go perfectly with your oriental dishes and will allow you to make light and digestible smoothies and milkshakes.','https://www.luxlait.lu/wp-content/uploads/2019/09/55140_RAIB_1L_Face-so.png','https://www.luxlait.lu/wp-content/uploads/2019/09/AdobeStock_273993569-scaled.jpeg','https://www.luxlait.lu/wp-content/uploads/2019/09/Icon-10.svg;https://www.luxlait.lu/wp-content/uploads/2019/09/Icon-16.svg;https://www.luxlait.lu/wp-content/uploads/2019/09/Icon-30.svg','Light;Halal;Traditional recipe','FMILK'),
('Raïbi','Raïbi is a fermented drink that has been created in Morocco in the 60s but has since then become popular in other countries, too. The Luxlait Raïbi is particularly creamy and to be considered as the healthiest option on the market. It""s a drink for the whole family: Kids love to freeze and make ice cream of it while adults will think back of their childhood or stay in Marocco.','https://www.luxlait.lu/wp-content/uploads/2019/09/Raibi-1L-2.png','https://www.luxlait.lu/wp-content/uploads/2020/04/AdobeStock_209709391-1-scaled.jpeg','https://www.luxlait.lu/wp-content/uploads/2019/09/Icon-19.svg;https://www.luxlait.lu/wp-content/uploads/2019/09/Icon-16.svg;https://www.luxlait.lu/wp-content/uploads/2019/09/Icon-18.svg','Flavoured;Halal;Creamy texture','FMILK'),
('Kefir','An ancestral drink from the nomads of the Caucasus mountains. Thanks to its specific fermentation, fresh milk is transformed into a slightly acidic, fresh and creamy drink. Its ferments contribute to well-being due to its natural action on the intestinal flora.','https://www.luxlait.lu/wp-content/uploads/2019/09/Kefir-face-1.png','https://www.luxlait.lu/wp-content/uploads/2019/09/produits-kefir-luxlait.jpg','https://www.luxlait.lu/wp-content/uploads/2019/09/Icon-31.svg;https://www.luxlait.lu/wp-content/uploads/2019/09/Icon-16.svg;https://www.luxlait.lu/wp-content/uploads/2019/09/Icon-30.svg','Pleasure break;Halal;Traditional recipe','FMILK'),
('Garlic Herb Butter','For your barbecues, meat dishes or however you prefer: choose the Luxlait Garlic herb butter. Made with traditional “Rose” butter from Luxembourg (PDO) and garnished with parsley and garlic.','https://www.luxlait.lu/wp-content/uploads/2022/06/Beurre-ail-et-fines-herbes_2_HD_-1024x303.png','https://www.luxlait.lu/wp-content/uploads/2022/06/AdobeStock_177336010-scaled.jpeg','https://www.luxlait.lu/wp-content/uploads/2019/09/Icon-23.svg;https://www.luxlait.lu/wp-content/uploads/2019/09/Icon-13.svg','With “Rose” butter from Luxembourg;Practical format','BUTT'),
('Rose Butter','Unlike industrial butter, the cream is left maturing after being pasteurised by adding carefully selected lactic acid bacteria. That""s when the unique taste of our butter develops. Finely churned in a traditional process, the cream becomes smooth to obtain its final appearance: “Beurre Rose” butter.','https://www.luxlait.lu/wp-content/uploads/2019/09/beurre-rose-250g-1.png','https://www.luxlait.lu/wp-content/uploads/2019/09/AdobeStock_250254939.jpeg','https://www.luxlait.lu/wp-content/uploads/2019/09/Icon-32.svg;https://www.luxlait.lu/wp-content/uploads/2019/09/Icon-23.svg','Protected designation of origin;Preservative-free;National brand','BUTT'),
('Specialities with butter','Even kept in the refrigerator, our table butters are always ready to spread! Thanks to a mixture of butter and rapeseed oil, they can be used immediately. Our “light” version has up to half the fat content of conventional butter','https://www.luxlait.lu/wp-content/uploads/2019/10/Beurre_light-face-e1570526818637-1024x502.png','https://www.luxlait.lu/wp-content/uploads/2019/09/produits-beurre-de-table-luxlait.jpg','https://www.luxlait.lu/wp-content/uploads/2019/09/Icon-01.svg;https://www.luxlait.lu/wp-content/uploads/2019/09/Icon-04.svg;https://www.luxlait.lu/wp-content/uploads/2019/09/Icon-08.svg','100% Luxembourg milk;Spreadable;Palm oil-free','BUTT'),
('Liquid fresh cream','Luxlait liquid creams are ideal for preparing sauces, accompanying fruit or making cakes. Their hold when whipped with a hand or electric whisk enable them to be incorporated as a garnish or as an ingredient to enhance your dishes and desserts. Liquid fresh cream is not subjected to any treatment other than pasteurisation (neither ripening nor sterilisation). With its excellent whipping properties, it is the queen of Chantilly or whipped cream (in this case, it must be 36% fat cream).','https://www.luxlait.lu/wp-content/uploads/2019/09/Cr%C3%A8me-fraiche-36-1L_2_HD_ok_-334x1024.png','https://www.luxlait.lu/wp-content/uploads/2019/09/AdobeStock_157142956-scaled.jpeg','https://www.luxlait.lu/wp-content/uploads/2019/09/Icon-01.svg;https://www.luxlait.lu/wp-content/uploads/2019/09/Icon-32.svg;https://www.luxlait.lu/wp-content/uploads/2019/09/Icon-13.svg','100% Luxembourg milk;Preservative-free;Practical format','CREA'),
('UHT liquide cream','UHT liquid creams are ideal for making sauces, soups and desserts or simply plain to accompany fruit. They are suitable for cooking, but cannot be whipped (except 35% fat cream). They also provide a binding agent for culinary preparations and smoothness for all dishes.','https://www.luxlait.lu/wp-content/uploads/2020/05/Cr%C3%A8me-UHT-35-1L-384x1024.png','https://www.luxlait.lu/wp-content/uploads/2019/09/produits-creme-liquide-uht-luxlait.jpg','https://www.luxlait.lu/wp-content/uploads/2019/09/Icon-11.svg;https://www.luxlait.lu/wp-content/uploads/2019/09/Icon-01.svg;https://www.luxlait.lu/wp-content/uploads/2019/09/Icon-13.svg','Long-life;100% Luxembourg milk;Practical format','CREA'),
('Coffee cream','This small portion of cream lessens the natural bitterness of the coffee and adds a special sweetness that cannot be obtained from milk. In short, the essential plus for all lovers of coffee with cream','https://www.luxlait.lu/wp-content/uploads/2020/05/Coffee-Cream-Dosette_75g.png','https://www.luxlait.lu/wp-content/uploads/2019/09/AdobeStock_269190904-scaled.jpeg','https://www.luxlait.lu/wp-content/uploads/2019/09/Icon-11.svg;https://www.luxlait.lu/wp-content/uploads/2019/09/Icon-13.svg','Long-life;Practical format','CREA'),
('Sour cream','Thick and creamy, you won""t be able to resist the delicacy of the Luxlait fresh creams. You will appreciate their excellent cooking performance and softness. Their qualities to bind sauces, garnish dishes and provide tasty toppings will delight food lovers. Their practical formats, as well as their binding power will make your daily cooking easier.','https://www.luxlait.lu/wp-content/uploads/2019/09/Cr%C3%A8me-fraiche-epaisse-250g_Site-1024x798.png','https://www.luxlait.lu/wp-content/uploads/2019/09/AdobeStock_186012741-scaled.jpeg','https://www.luxlait.lu/wp-content/uploads/2019/09/Icon-14.svg;https://www.luxlait.lu/wp-content/uploads/2019/09/Icon-32.svg;https://www.luxlait.lu/wp-content/uploads/2019/09/Icon-18.svg','Convenient packaging;Preservative-free;Creamy texture','CREA'),
('Organic Faisselle','Our organic faisselle is a fresh cheese made of organic, pasteurized full fat milk. Its name comes from the French word faisselle, designating the sieve in which the faisselle is put to drain. All production steps are manual, from the moulding with a ladle to the closing of the pots. You can use our faisselle both in your sweet and savoury dishes or simply enjoy it with some honey, jam or a fruit coulis.','https://www.luxlait.lu/wp-content/uploads/2022/05/FaisselleBio_Face-1-1024x680.png','https://www.luxlait.lu/wp-content/uploads/2022/05/banni%C3%A8re-faisselle-1.png','https://www.luxlait.lu/wp-content/uploads/2019/10/Icon-onctueux.svg;https://www.luxlait.lu/wp-content/uploads/2019/09/Icon-09.svg;https://www.luxlait.lu/wp-content/uploads/2019/10/Icon-Luxembourg.svg','Artisanal recipe;Organic;100% Luxembourg milk','FRECH'),
('Cottage cheese','Thanks to its melting texture and its curds of creamy fresh cheese, Luxlait cottage cheese was awarded adistinction in the “Superior Taste” competition. Luxlait cottage cheese occupies a special place in the fresh cheese landscape. Often eaten on bread, seasoned with salt, pepper and herbs, it is ideal for your savoury or sweet recipes. It is high in protein and low in fat.','https://www.luxlait.lu/wp-content/uploads/2019/09/cottage-cheese-250g_Site-1024x807.png','https://www.luxlait.lu/wp-content/uploads/2019/09/produits-cottage-cheese-luxlait.jpg','https://www.luxlait.lu/wp-content/uploads/2019/09/Icon-15.svg;https://www.luxlait.lu/wp-content/uploads/2019/09/Icon-24.svg;https://www.luxlait.lu/wp-content/uploads/2019/09/Icon-32.svg','High-protein;Melting texture;Preservative-free','FRECH'),
('Soft white cheese','Luxlait fresh cheeses are prepared according to the traditional recipe and from simple ingredients: milk and a touch of cream (only in cream cheese). It can be used in all kinds of savoury or sweet dishes.','https://www.luxlait.lu/wp-content/uploads/2019/09/fromage-blanc-maigre-250g_Site-1024x793.png','https://www.luxlait.lu/wp-content/uploads/2019/09/produits-fromage-frais-luxlait.jpg','https://www.luxlait.lu/wp-content/uploads/2019/09/Icon-15.svg;https://www.luxlait.lu/wp-content/uploads/2019/09/Icon-32.svg;https://www.luxlait.lu/wp-content/uploads/2019/09/Icon-24.svg','High-protein;Preservative-free;Melting texture','FRECH'),
('Brach','Luxlait Brach is made from pasteurised whole milk to which lactic ferments have been added. Historically, it was used in Luxembourg cooking in times of famine, particularly as an accompaniment to the famous “Gequellte Gromper” (baked potato). Brach is timeless and has remained an essential product in Luxembourg households.','https://www.luxlait.lu/wp-content/uploads/2019/09/Lait-caill%C3%A9-250g_Site-1024x800.png','https://www.luxlait.lu/wp-content/uploads/2019/09/produits-lait-caille-luxlait.jpg','https://www.luxlait.lu/wp-content/uploads/2019/09/Icon-03.svg;https://www.luxlait.lu/wp-content/uploads/2019/09/Icon-07.svg;https://www.luxlait.lu/wp-content/uploads/2019/09/Icon-01.svg','Typically Luxemburgish ;A source of protein;100% Luxembourg milk','FRECH'),
('Organic Brie','Our Brie cheese is made of 100% organic Luxembourg milk. Discover its soft taste on a cheese platter, in a sandwich or in a savoury dish.','https://www.luxlait.lu/wp-content/uploads/2022/06/Brie_2_HD_-1024x996.png','https://www.luxlait.lu/wp-content/uploads/2022/06/AdobeStock_67871884-scaled.jpeg','https://www.luxlait.lu/wp-content/uploads/2019/09/Icon-09.svg;https://www.luxlait.lu/wp-content/uploads/2019/09/Icon-01.svg;https://www.luxlait.lu/wp-content/uploads/2019/09/Icon-38.svg','Organic;100% Luxembourg milk;Soft texture','CHEES'),
('Beer Cheese','The unique character of our cheese lies in the texture, roundness and fruitiness of a mature cheese, combined with the caramelised notes of the sublimely roasted malt of Battin Brune beer.','https://www.luxlait.lu/wp-content/uploads/2019/10/Gamme-fromage-battin-e1587383900682-1024x658.png','https://www.luxlait.lu/wp-content/uploads/2020/01/AdobeStock_90909992_mod_2.jpg','https://www.luxlait.lu/wp-content/uploads/2019/09/Icon-03.svg;https://www.luxlait.lu/wp-content/uploads/2019/09/Icon-38.svg;https://www.luxlait.lu/wp-content/uploads/2019/09/Icon-26.svg','Typically Luxemburgish;Soft texture;Fruity taste','CHEES'),
('Grated Emmental','During the production and maturing of our Luxlait Emmental, our master cheesemakers select specific ferments that allow the formation of holes in the cheese when it matures in a warm cellar. This controlled process also gives Luxlait Emmental its characteristic fruity taste','https://www.luxlait.lu/wp-content/uploads/2019/10/56404_Emmental-rape-748x1024.png','https://www.luxlait.lu/wp-content/uploads/2019/10/AdobeStock_249580675-scaled.jpeg','https://www.luxlait.lu/wp-content/uploads/2019/09/Icon-09.svg;https://www.luxlait.lu/wp-content/uploads/2019/09/Icon-01.svg;https://www.luxlait.lu/wp-content/uploads/2019/09/Icon-38.svg','Organic;100% Luxembourg milk;Soft texture','CHEES'),
('Cheese slices','For well-filled sandwiches or cold or hot snacks, Luxlait cheeses have their own character and will meet everyone""s needs.','https://www.luxlait.lu/wp-content/uploads/2019/09/Emmental-706x1024.png','https://www.luxlait.lu/wp-content/uploads/2019/09/AdobeStock_245184434-scaled.jpeg','https://www.luxlait.lu/wp-content/uploads/2019/09/Icon-09.svg;https://www.luxlait.lu/wp-content/uploads/2019/09/Icon-01.svg;https://www.luxlait.lu/wp-content/uploads/2019/09/Icon-38.svg','Organic;100% Luxembourg milk;Soft texture','CHEES'),
('Kachkéis','Known as one of the monuments of Luxembourg gastronomy, Kachkéis is produced in a traditional way, without melting salts, colourings or preservatives. This authentic cheese comes in different forms. Indeed, it is possible to enjoy it cold, hot, cooked or even accompanied with a piece of bread with a dab of mustard.','https://www.luxlait.lu/wp-content/uploads/2019/09/Kachkeis_250_traditionnel_Face_Site-1024x655.png','https://www.luxlait.lu/wp-content/uploads/2019/09/produits-kachkeis-luxlait.jpg','https://www.luxlait.lu/wp-content/uploads/2019/09/Icon-03.svg;https://www.luxlait.lu/wp-content/uploads/2019/09/Icon-01.svg;https://www.luxlait.lu/wp-content/uploads/2019/09/Icon-21.svg','Typically Luxemburgish ;100% Luxembourg milk;Artisan ','CHEES'),
('Crème de Chapelain','Luxlait Crème de Chapelain offer a range of characteristic flavours for the whole family. Its creamy, smooth and homogeneous texture gives way to generous gourmet sandwiches.','https://www.luxlait.lu/wp-content/uploads/2019/09/Cremes-Chapelain-nature.png','https://www.luxlait.lu/wp-content/uploads/2019/09/AdobeStock_186713288-1-scaled-e1589379416763.jpeg','https://www.luxlait.lu/wp-content/uploads/2019/09/Icon-04.svg;https://www.luxlait.lu/wp-content/uploads/2019/09/Icon-11.svg;https://www.luxlait.lu/wp-content/uploads/2019/09/Icon-01.svg','Spreadable ;Long-life;100% Luxembourg milk','CHEES'),
('Summer yoghurt','With the arrival of fine weather, Luxlait is reinventing itself and launching an innovative new range of three new summer yoghurts with new flavours! The well balanced combination of fruit, spices and fruit juices provides an original sensation of freshness. The flavours on offer, such as Yuzu & Green Tea, Mango & Turmeric or Cactus & Lime are very trendy and will delight the taste buds seeking novelty and quality. Faithful to its principles, the Luxembourg Yoghurt summer range is preservative-free and made with natural flavours. Taste them and give rein to your senses…','https://www.luxlait.lu/wp-content/uploads/2020/05/ete-mangue-1024x684.png','https://www.luxlait.lu/wp-content/uploads/2020/05/AdobeStock_63977892-scaled.jpeg','https://www.luxlait.lu/wp-content/uploads/2019/09/Icon-32.svg;https://www.luxlait.lu/wp-content/uploads/2019/09/Icon-14.svg;https://www.luxlait.lu/wp-content/uploads/2019/09/Icon-12.svg','Preservative-free;Convenient packaging ;Refreshing','YAOU'),
('Yoghurt','The “Luxembourg yoghurt” range demonstrates Luxlait""s expertise in yoghurts. Their packaging in the form of a duo-pack and family pot are perfectly adapted to all current consumption patterns.','https://www.luxlait.lu/wp-content/uploads/2019/10/Fraise-1024x684.png','https://www.luxlait.lu/wp-content/uploads/2020/06/YDL-1-scaled-e1591686564597.jpeg','https://www.luxlait.lu/wp-content/uploads/2019/09/Icon-12.svg;https://www.luxlait.lu/wp-content/uploads/2019/09/Icon-14.svg;https://www.luxlait.lu/wp-content/uploads/2019/09/Icon-32.svg','Refreshing;Convenient packaging ;Preservative-free','YAOU'),
('Winter yoghurt','Comforting and tasty in winter.','https://www.luxlait.lu/wp-content/uploads/2019/09/Hiver-sp%C3%A9culoos-1024x684.png','https://www.luxlait.lu/wp-content/uploads/2020/05/AdobeStock_175809456-scaled-e1596200950535.jpeg','https://www.luxlait.lu/wp-content/uploads/2019/09/Icon-31.svg;https://www.luxlait.lu/wp-content/uploads/2019/09/Icon-32.svg;https://www.luxlait.lu/wp-content/uploads/2019/09/Icon-14.svg','Pleasure break;Preservative-free;Convenient packaging ','YAOU'),
('Funny yoghurt','Funny Yoghurt is a fruit-flavoured yoghurt for children. The fruit it contains has been blended, which makes it easier to eat.It will accompany your child as he grows and harden his bones! Rich in calcium, phosphorus and vitamins, it is a nourishing yoghurt that provides him with everything he needs.','https://www.luxlait.lu/wp-content/uploads/2019/09/Funny-banane-1024x600.png','https://www.luxlait.lu/wp-content/uploads/2020/06/YDL-Funny-scaled-e1591686338499.jpeg','https://www.luxlait.lu/wp-content/uploads/2019/09/Icon-07.svg;https://www.luxlait.lu/wp-content/uploads/2019/09/Icon-26.svg;https://www.luxlait.lu/wp-content/uploads/2019/09/Icon-32.svg','A source of protein;Fruit flavoured;Preservative-free','YAOU'),
('Organic Yoghurt','Made without preservatives from milk, fruit and sugar, certified by the European Union""s organic label. Organic yoghurts are preservative-free. Thanks to our new recipe, the natural organic yoghurt is now stirred. This gives it a new, creamier and smoother texture to prolong your enjoyment. Go on, taste it!','https://www.luxlait.lu/wp-content/uploads/2020/05/Bio-nature-1024x684.png','https://www.luxlait.lu/wp-content/uploads/2019/09/produits-yaourt-bio-luxlait.jpg','https://www.luxlait.lu/wp-content/uploads/2019/09/Icon-01.svg;https://www.luxlait.lu/wp-content/uploads/2019/09/Icon-32.svg;https://www.luxlait.lu/wp-content/uploads/2019/09/Icon-09.svg','100% Luxembourg milk;Preservative-free;Organic','YAOU'),
('0% Yoghurt','It is a fresh yoghurt with good melt-in-the-mouth fruit, without added sugar and fat.With its light texture and low acidity, it is a pleasant and refreshing product.It contains yoghurt lactic acid bacteria, which strengthen our digestive system: Straptococcus Thermophilus and Lactobacillus Bulgaricus. In addition, being rich in calcium, a pot of yoghurt meets 45% of the recommended daily intake. So, why deprive yourself?','https://www.luxlait.lu/wp-content/uploads/2019/09/0-museli_-1024x684.png','https://www.luxlait.lu/wp-content/uploads/2019/09/produits-yaourt-allege-luxlait.jpg','https://www.luxlait.lu/wp-content/uploads/2019/09/Icon-07.svg;https://www.luxlait.lu/wp-content/uploads/2019/09/Icon-36.svg;https://www.luxlait.lu/wp-content/uploads/2019/09/Icon-12.svg','A source of protein;Low-fat;Refreshing','YAOU'),
('Cream yoghurt','Rich and creamy, creamy yoghurt is the dessert of gourmets. At any time of the day, let yourself be tempted by this smooth cream, subtly accompanied by real pieces of fruit or fine chocolate shavings, such as with the stracciatella creamy yoghurt. This is a rich preparation with 10% fat, rich in calcium and protein, enriched with cream, which will allow you to fill up with energy.','https://www.luxlait.lu/wp-content/uploads/2019/09/Satin%C3%A9-fruits-des-bois-1024x571.png','https://www.luxlait.lu/wp-content/uploads/2019/09/produits-yaourt-satine-luxlait.jpg','https://www.luxlait.lu/wp-content/uploads/2019/09/Icon-20.svg;https://www.luxlait.lu/wp-content/uploads/2019/09/Icon-01.svg;https://www.luxlait.lu/wp-content/uploads/2019/09/Icon-32.svg','A source of calcium;100% Luxembourg milk;Preservative-free','YAOU'),
('White cheese & fruits','Combining the sweetness of a creamy white cheese and a bed of gourmet fruit. The range of 4 flavours is suitable for everyday enjoyment','https://www.luxlait.lu/wp-content/uploads/2019/10/56115-fromage-blanc-abricot_Site-1024x526.png','https://www.luxlait.lu/wp-content/uploads/2019/10/AdobeStock_123575575-scaled.jpeg','https://www.luxlait.lu/wp-content/uploads/2019/09/Icon-27.svg;https://www.luxlait.lu/wp-content/uploads/2019/09/Icon-07.svg;https://www.luxlait.lu/wp-content/uploads/2019/09/Icon-18.svg','Melting fruit;A source of protein;Creamy texture','DDESS'),
('Dessert','This authentic dessert made of white cheese with vanilla is placed on a bed of fruit and guarantees you a pleasant break.','https://www.luxlait.lu/wp-content/uploads/2020/05/56091-dessert-cerise_Site-1024x595.png','https://www.luxlait.lu/wp-content/uploads/2019/09/AdobeStock_212943285-scaled.jpeg','https://www.luxlait.lu/wp-content/uploads/2019/09/Icon-18.svg;https://www.luxlait.lu/wp-content/uploads/2019/09/Icon-01.svg;https://www.luxlait.lu/wp-content/uploads/2019/09/Icon-14.svg','Creamy texture;100% Luxembourg milk;Convenient packaging ','DDESS'),
('Fit wellness snack','A creamy fresh cheese combined with the delicacy of fruit. A range of 5 tasty flavours, to be enjoyed as a dessert or as a snack.','https://www.luxlait.lu/wp-content/uploads/2019/09/56155_fit-pomme-four_Site-1024x559.png','https://www.luxlait.lu/wp-content/uploads/2019/09/AdobeStock_271768116-1-scaled.jpeg','https://www.luxlait.lu/wp-content/uploads/2019/09/Icon-07.svg;https://www.luxlait.lu/wp-content/uploads/2019/09/Icon-37.svg;https://www.luxlait.lu/wp-content/uploads/2019/09/Icon-14.svg','A source of protein;Health break;Convenient packaging ','DDESS'),
('Greek-style yoghurt','Greek-style yoghurt is a traditional thick, creamy and tasty dairy product. It is available in four flavours: plain, honey, strawberry and peach & passionfruit.','https://www.luxlait.lu/wp-content/uploads/2019/09/54250-Yaourt-%C3%A0-la-grecque_site-1024x541.png','https://www.luxlait.lu/wp-content/uploads/2019/09/AdobeStock_323176791-scaled.jpeg','https://www.luxlait.lu/wp-content/uploads/2019/09/Icon-30.svg;https://www.luxlait.lu/wp-content/uploads/2019/09/Icon-14.svg;https://www.luxlait.lu/wp-content/uploads/2019/09/Icon-39.svg;','Traditional recipe;Convenient packaging;Creamy texture','DDESS'),
('Cornets','According to taste, covered in a crunchy cocoa sauce with toasted hazelnuts dark chocolate flakes or strawberry puree.','https://www.luxlait.lu/wp-content/uploads/2019/08/Multipack-vanille_3_HD_-1024x805.png','https://www.luxlait.lu/wp-content/uploads/2020/05/Header_Cornet_2560x800.jpg','https://www.luxlait.lu/wp-content/uploads/2019/09/Icon-01.svg;https://www.luxlait.lu/wp-content/uploads/2019/09/Icon-08.svg;https://www.luxlait.lu/wp-content/uploads/2019/09/Icon-32.svg','100% Luxembourg milk;Palm oil-free;Preservative-free','ICECR'),
('Ice Cream Stick','Give yourself a refreshing break with Luxlait Ice Cream Sticks Available in chocolate, hazelnut and pistachio.','https://www.luxlait.lu/wp-content/uploads/2019/08/Noisette-Choco_3_HD_-1024x770.png','https://www.luxlait.lu/wp-content/uploads/2020/05/Header_Sticks_2560x800-scaled.jpg','https://www.luxlait.lu/wp-content/uploads/2019/09/Icon-01.svg;https://www.luxlait.lu/wp-content/uploads/2019/09/Icon-08.svg;https://www.luxlait.lu/wp-content/uploads/2019/09/Icon-32.svg','100% Luxembourg milk;Palm oil-free;Preservative-free','ICECR'),
('Ice cream tubs','Do you prefer ice cream or sorbet? For our ice cream tubs we chose only the best ingredients and lots of fruit! Let the intense taste and colorful packagings seduce you.','https://www.luxlait.lu/wp-content/uploads/2019/08/Glace-Luxlait-Vanille-853x1024.png','https://www.luxlait.lu/wp-content/uploads/2019/08/AdobeStock_196259221-scaled.jpeg','https://www.luxlait.lu/wp-content/uploads/2019/09/Icon-01.svg;https://www.luxlait.lu/wp-content/uploads/2019/09/Icon-25.svg;https://www.luxlait.lu/wp-content/uploads/2019/09/Icon-08.svg','100% Luxembourg milk;Only the best ingredients;Palm oil-free','ICECR'),
('Miniatures','The fine crunchy shell is a perfect taster to enjoy the smooth vanilla, pistachio, raspberry, coconut and praline ice cream.','https://www.luxlait.lu/wp-content/uploads/2019/08/Miniatures-Framboise-simple_Dessus-1024x644.png','https://www.luxlait.lu/wp-content/uploads/2019/08/Miniature-cover-web-1.png','https://www.luxlait.lu/wp-content/uploads/2019/09/Icon-01.svg;https://www.luxlait.lu/wp-content/uploads/2019/09/Icon-31.svg;https://www.luxlait.lu/wp-content/uploads/2019/09/Icon-13.svg','100% Luxembourg milk;Pleasure break;Practical format','ICECR'),
('Water Sticks','You now don""t need to look elsewhere, Luxlait Ice Cream has developed a range of water-based ice sticks. The sticks are available in several flavours of orange, lemon and coca.','https://www.luxlait.lu/wp-content/uploads/2019/08/Watersticks-Mutlipack-Orange_2_HD_-1024x818.png','https://www.luxlait.lu/wp-content/uploads/2020/05/Header_Watersticks_2560x800-scaled.jpg','https://www.luxlait.lu/wp-content/uploads/2019/09/Icon-13.svg;https://www.luxlait.lu/wp-content/uploads/2019/09/Icon-12.svg;https://www.luxlait.lu/wp-content/uploads/2019/09/Icon-31.svg','Practical format;Refreshing;Pleasure break','ICECR'),
('Frozen Yoghurt','To produce our Frozen Yoghurt, we use yoghurt instead of cream. Yoghurt contains less fat which makes it healthier. The 200ml pack with its integrated spoon is perfect for taking anywhere. Several flavours: strawberry, peach/passion fruit, salted butterscotch with pecan, vanilla and raspberry. Several flavours are also available in the 1 liter format.','https://www.luxlait.lu/wp-content/uploads/2019/09/Frozen-Yogurt-Caramel-1.png','https://www.luxlait.lu/wp-content/uploads/2019/08/AdobeStock_365076608-scaled.jpeg','https://www.luxlait.lu/wp-content/uploads/2019/09/Icon-13.svg;https://www.luxlait.lu/wp-content/uploads/2019/09/Icon-12.svg;https://www.luxlait.lu/wp-content/uploads/2019/09/Icon-31.svg','Practical format;Refreshing;Pleasure break','ICECR'),
('Minicups','Luxlait minicups are individual portions composed of a creamy ice cream in a variety of flavours. As a snack or dessert, Luxlait minicups are ideal for a little gourmet break!','https://www.luxlait.lu/wp-content/uploads/2019/08/Minicups-Mutlipack-Fraise_3_HD_-1024x998.png','https://www.luxlait.lu/wp-content/uploads/2020/05/Minicups-Groupe_2_HD_ok.png','https://www.luxlait.lu/wp-content/uploads/2019/09/Icon-13.svg;https://www.luxlait.lu/wp-content/uploads/2019/09/Icon-12.svg;https://www.luxlait.lu/wp-content/uploads/2019/09/Icon-31.svg','Practical format;Refreshing;Pleasure break','ICECR'),
('Organic Ice cream','Organic milk ice cream.','https://www.luxlait.lu/wp-content/uploads/2019/09/glace_bio_vanille.png','https://www.luxlait.lu/wp-content/uploads/2020/05/Header_Glace-BIO_2560x800-scaled.jpg','https://www.luxlait.lu/wp-content/uploads/2019/09/Icon-13.svg;https://www.luxlait.lu/wp-content/uploads/2019/09/Icon-12.svg;https://www.luxlait.lu/wp-content/uploads/2019/09/Icon-31.svg','Practical format;Refreshing;Pleasure break','ICECR'),
('Fine crème','This fine and delicate composition will make you melt, spoonful after spoonful','https://www.luxlait.lu/wp-content/uploads/2019/10/FC_Chocolat.png','https://www.luxlait.lu/wp-content/uploads/2020/05/Header_Fine-creme_2560x800-scaled.jpg','https://www.luxlait.lu/wp-content/uploads/2019/09/Icon-13.svg;https://www.luxlait.lu/wp-content/uploads/2019/09/Icon-12.svg;https://www.luxlait.lu/wp-content/uploads/2019/09/Icon-31.svg','Practical format;Refreshing;Pleasure break','ICECR'),
('Dame blanche','With Luxlait Dame Blanche, you will find an essential classic … The refinement of this dessert will awaken your sensitivity. The intensity of the chocolate sauce mixed with the purity of the vanilla ice cream will make you melt with pleasure …','https://www.luxlait.lu/wp-content/uploads/2019/08/Boite-dame-blanche_BR-1024x824.png','https://www.luxlait.lu/wp-content/uploads/2020/05/Header_Dame-blanche_2560x800-scaled.jpg','https://www.luxlait.lu/wp-content/uploads/2019/09/Icon-13.svg;https://www.luxlait.lu/wp-content/uploads/2019/09/Icon-12.svg;https://www.luxlait.lu/wp-content/uploads/2019/09/Icon-31.svg','Practical format;Refreshing;Pleasure break','ICECR'),
('Ice Cream Cake','The Lingot Vanille with its Bourbon vanilla intensity, the Brazilian cake made with a creamyvanilla-flavoured ice cream with such a melting praline heart, and the Christmas Log to enjoy during the Christmas season.','https://www.luxlait.lu/wp-content/uploads/2019/08/Lingot_Dessus-web-1024x509.png','https://www.luxlait.lu/wp-content/uploads/2020/05/Header_Buche_2560x800-scaled.jpg','https://www.luxlait.lu/wp-content/uploads/2019/09/Icon-13.svg;https://www.luxlait.lu/wp-content/uploads/2019/09/Icon-12.svg;https://www.luxlait.lu/wp-content/uploads/2019/09/Icon-31.svg','Practical format;Refreshing;Pleasure break','ICECR'),
('Sablés','Biscuits with Luxlait “Rose” butter.','https://www.luxlait.lu/wp-content/uploads/2019/09/Site1-2-1024x267.png','https://www.luxlait.lu/wp-content/uploads/2019/09/AdobeStock_74421483-scaled.jpeg','https://www.luxlait.lu/wp-content/uploads/2019/09/Icon-02.svg;https://www.luxlait.lu/wp-content/uploads/2019/09/Icon-31.svg','Luxembourg butter;Pleasure break ','BISC'),
('Mini Sablés','Mini-biscuits with Luxlait "Rose" butter in different flavours','https://www.luxlait.lu/wp-content/uploads/2019/09/Minisables-Miel-Sesame-1024x1024.png','https://www.luxlait.lu/wp-content/uploads/2019/09/AdobeStock_246992219-scaled.jpeg','https://www.luxlait.lu/wp-content/uploads/2019/09/Icon-02.svg;https://www.luxlait.lu/wp-content/uploads/2019/09/Icon-14.svg;https://www.luxlait.lu/wp-content/uploads/2019/09/Icon-31.svg','Luxembourg butter ;Convenient packaging ;Pleasure break ','BISC'),
('Galettes','Biscuits with Luxlait "Rose" butter.','https://www.luxlait.lu/wp-content/uploads/2019/09/Site1-1-1024x270.png','https://www.luxlait.lu/wp-content/uploads/2019/09/pexels-lisa-fotios-1758207-scaled.jpg','https://www.luxlait.lu/wp-content/uploads/2019/09/Icon-02.svg;https://www.luxlait.lu/wp-content/uploads/2019/09/Icon-31.svg','Luxembourg butter ;Pleasure break ','BISC'),
('Choco Splits','Cookies with Luxlait "Rose" butter and dark chocolate chips.','https://www.luxlait.lu/wp-content/uploads/2019/09/Site1-1024x373.png','https://www.luxlait.lu/wp-content/uploads/2020/05/AdobeStock_220873425-1-scaled.jpeg','https://www.luxlait.lu/wp-content/uploads/2019/09/Icon-02.svg;https://www.luxlait.lu/wp-content/uploads/2019/09/Icon-31.svg;https://www.luxlait.lu/wp-content/uploads/2019/09/Icon-13.svg','Luxembourg butter ;Pleasure break ;Family format','BISC');

 
CREATE TABLE tblProduct (
    idProduct INT NOT NULL AUTO_INCREMENT,
    dtProductCode VARCHAR(50) NOT NULL,
    dtProduct VARCHAR(100),
    dtMetricUnit VARCHAR(25),
    dtPrice DOUBLE NOT NULL,
    dtFat VARCHAR(5),
    dtImage VARCHAR(200) NOT NULL,
    dtPackage VARCHAR(25),
    fiType INT NOT NULL,
    PRIMARY KEY (idProduct),
    FOREIGN KEY (fiType) REFERENCES tblType (idType) ON DELETE CASCADE ON UPDATE CASCADE
);


-- Product INSERT from author @all
 
INSERT INTO tblProduct (dtProductCode, dtProduct, dtMetricUnit, dtPrice, dtFat, dtImage, dtPackage, fiType)
        -- Milk and dairy drinks INSERT from author @LuxLait (Frisch Tim)
VALUES  ('5450168511576','Fresh milk','1L',2.17,'3.5%','https://www.luxlait.lu/wp-content/uploads/2021/10/Lait-frais-3.5-1L_1_HD_OK_-1.png',NULL,1),
        ('5450168511576','Fresh milk','0.5L',0.99,'3.5%','https://www.luxlait.lu/wp-content/uploads/2021/10/Lait-frais-3.5-500ML_1_HD_OK_.png',NULL,1),
        ('5450168511576','Fresh milk','1L',1.97,'1.5%','https://www.luxlait.lu/wp-content/uploads/2021/10/Lait-frais-1.5-1L_1_HD_OK_.png',NULL,1),
        ('2410868511514','UHT whole milk','1L',1.63,'3.5%','https://www.luxlait.lu/wp-content/uploads/2021/10/Lait-Uht-3.5-1L_1_HD_OK.png',NULL,2),
        ('2410868511583','UHT semi-skimmed milk','1L',1.95,'1.5%','https://www.luxlait.lu/wp-content/uploads/2019/09/Lait-UHT-1.5-1L_1_HD_OK.png',NULL,2),
        ('2410868511583','UHT skimmed milk','1L',2.17,'0%','https://www.luxlait.lu/wp-content/uploads/2019/09/Lait_UHT_0_Sans-ombre.png',NULL,2),
        ('2410868511583','UHT whole milk','0.25L',1.08,'3.5%','https://www.luxlait.lu/wp-content/uploads/2019/09/TPA-250-E-DreamCap26-White-e3319160-1730-4a68-88e9-fb658ab1af6c.png',NULL,2),
        ('5450168519169','UHT organic milk','1L',2.05,'1.5%','https://www.luxlait.lu/wp-content/uploads/2019/09/Lait-UHT-Bio-3.png',NULL,2),
        ('2410868511583','UHT lactose-free milk','1L',2.02,'1.5%','https://www.luxlait.lu/wp-content/uploads/2020/10/Lait_UHT_O-lactose_.png',NULL,2),        
        ('5450168551534','Lacto-free milk','1L',1.91,'0%','https://www.luxlait.lu/wp-content/uploads/2020/10/Lait_UHT_O-lactose_.png',NULL,3),
        ('2410868511514','UHT milk','1L',2.05,'1.5%','https://www.luxlait.lu/wp-content/uploads/2019/09/Lait-UHT-Bio-3.png',NULL,4),
        ('5450168511576','Fresh milk','1L',2.27,'3,5%','https://www.luxlait.lu/wp-content/uploads/2019/09/Lait-frais-Bio-3.png',NULL,4),
        ('5450168511576','Fresh milk','0.25L',0.69,'3,5%','https://www.luxlait.lu/wp-content/uploads/2019/09/TR-250-BiO_Face-1.png',NULL,4),
        ('5450168551107','Fresh Chocolate Milk','0.25L', 1.30, '3.5%','https://www.luxlait.lu/wp-content/uploads/2020/05/Lait-choco-Frais_250ML_face.png',NULL,5),
        ('5450168551107','Fresh Chocolate Milk','0.5L', 1.74, '3.5%','https://www.luxlait.lu/wp-content/uploads/2020/05/Lait-choco-frais_500ML-face.png',NULL,5),
        ('5450168551107','Fresh Chocolate Milk','1L', 3.09, '3.5%','https://www.luxlait.lu/wp-content/uploads/2020/05/Lait-choco-frais_1L_face.png',NULL,5),      
        ('2410868511583','UHT milk','0.25L',1.08,'3.5%','https://www.luxlait.lu/wp-content/uploads/2019/09/TPA-250-E-DreamCap26-White-e3319160-1730-4a68-88e9-fb658ab1af6c.png',NULL,6),
        ('5450168551107','Fresh Chocolate Milk','0.25L', 1.46, '3.5%','https://www.luxlait.lu/wp-content/uploads/2019/09/TPA-250-E-DreamCap26-White-2b43c425-e38f-4d79-b6bd-d3b837c4085e.png',NULL,6),
        ('5450168551626','Vanilla Milk','0.25L',1.55,'1.6%','https://www.luxlait.lu/wp-content/uploads/2019/09/TPA-250-E-DreamCap26-White-f1d1e562-501e-4582-8ee4-bdb66c8fb7f5.png',NULL,6),
        ('5450168551534','Cafe Latte Cappuccino','0.25L',1.33,'2.5%','https://www.luxlait.lu/wp-content/uploads/2019/09/TPA-250-E-DreamCap26-White-8f1d2794-ffe6-40ef-b154-f88fad4e979f.png',NULL,6),
        ('5450168553040','Cafe Latte Caramel','0.25L',1.33,'2.5%','https://www.luxlait.lu/wp-content/uploads/2019/09/TPA-250-E-DreamCap26-White-cbd9712f-7224-49f1-bc29-3a781e6a1735.png',NULL,6),
        ('5450168553040','Cafe Latte Espresso','0.25L',1.33,'2.5%','https://www.luxlait.lu/wp-content/uploads/2019/09/TPA-250-E-DreamCap26-White-970ce447-1a8d-46a8-ab8f-c03602da6ea9.png',NULL,6),
        ('5450168551602','Milky strawberry','0.25L',1.33,'1%','https://www.luxlait.lu/wp-content/uploads/2019/09/TPA-250-E-DreamCap26-White-93c66a66-0d56-4122-a7a1-93d6d3e55a9a.png',NULL,6),
        ('5450168551619','Milky banana','0.25L',1.33,'1%','https://www.luxlait.lu/wp-content/uploads/2019/09/TPA-250-E-DreamCap26-White-73bc5a36-1681-49b1-9b38-f3631faddad9.png',NULL,6),
        ('5450168550605','Tropical','0.7L', 2.55, '0.1%','https://www.luxlait.lu/wp-content/uploads/2019/09/Funny-drink-tropical-1.png',NULL,7),
        ('5450168550506','Orange','0.7L', 2.55, '0.1%','https://www.luxlait.lu/wp-content/uploads/2019/09/Funny-drink-orange-1.png',NULL,7),
        ('5450168552050','Egg Nog','0.7L', 1.30, '3.5%','https://www.luxlait.lu/wp-content/uploads/2019/09/Egg-nog-frais-0.75L_5_HD_OK_.png',NULL,8),

        -- Fermented milks INSERT from author @LuxJoghurt (Pedro Ribeiro Costa)
        ('5450168550995','Fermented milk','1L', 2.13,'1.5%','https://www.luxlait.lu/wp-content/uploads/2020/05/Lait-Fermente%CC%81-1L_face-2-e1641394646525.png',NULL,9),
        ('5450168551800','Lassi Mango','1L', 2.13,NULL,'https://www.luxlait.lu/wp-content/uploads/2024/01/TT-1000-Base-WEB.png',NULL,10),      
        ('5450168551800','Laben Beldi','1L', 2.13,'1.6%','https://www.luxlait.lu/wp-content/uploads/2021/01/55190-Laben_1L-web2.png',NULL,11),      
        ('5450168551800','Curd Milk','1L', 2.13,'2.6%','https://www.luxlait.lu/wp-content/uploads/2019/09/55140_RAIB_1L_Face-so.png',NULL,12),      
        ('5450168551800','Pomegranate','1L', 2.08,'1.6%','https://www.luxlait.lu/wp-content/uploads/2019/09/Raibi-1L-1.png',NULL,13),
        ('5450168551800','Pomegranate','0.5L', 1.05,'1.6%','https://www.luxlait.lu/wp-content/uploads/2019/09/Raibi-05L.png',NULL,13),
        ('5450168551824','Pistachio','1L', 2.08,'1.6%','https://www.luxlait.lu/wp-content/uploads/2020/04/Rabi-pistache-V2_1_HD_.png',NULL,13),
        ('5450168551824','Pistachio','0.5L', 1.05,'1.6%','https://www.luxlait.lu/wp-content/uploads/2020/04/Raibi-Pistache-500ml_Face-Ombre-ok-site.png',NULL,13),
        ('5450168551831','Mango','1L', 2.08,'1.6%','https://www.luxlait.lu/wp-content/uploads/2020/04/Raibi-Mangue-Dummy_face-ok-site.png',NULL,13),
        ('5450168551831','Mango','0.5L', 1.05,'1.6%','https://www.luxlait.lu/wp-content/uploads/2020/04/Raibi-Mangue-Dummy_500ML_Face-ok-site.png',NULL,13),      
        ('5450168551800','Plain','0.5L', 1.18,'1.6%','https://www.luxlait.lu/wp-content/uploads/2019/09/Kefir-face-1.png',NULL,14),
        ('5450168551718','Vanilla','0.5L', 1.28,'1.6%','https://www.luxlait.lu/wp-content/uploads/2019/09/Kefir-vanille-1.png',NULL,14),
        ('5450168551800','Blueberry','0.5L', 1.37,'1.6%','https://www.luxlait.lu/wp-content/uploads/2019/10/Kefir-Myrtille-face-500ml-e1570538615163.png',NULL,14),
        -- Butters INSERT from author @LuxKeis (Gamass Mihails)
        ('5450168525306','Garlic Herb Butter','125g', 3.16,NULL,'https://www.luxlait.lu/wp-content/uploads/2022/06/Beurre-ail-et-fines-herbes_2_HD_.png',NULL,15),
        ('5450168521018','Rose Butter','10g',0.18,'80%','https://www.luxlait.lu/wp-content/uploads/2019/10/Beurre10g.png','Plastic Tray',16),
        ('5450168521018','Rose Butter','125g',3.18,'80%','https://www.luxlait.lu/wp-content/uploads/2019/09/beurre-rose-125g-1.png','Aluminium packaging',16),
        ('5450168521018','Rose Butter','250g',3.85,'80%','https://www.luxlait.lu/wp-content/uploads/2019/09/beurre-rose-250g-1.png','Aluminium packaging',16),
        ('5450168521018','Rose Butter','250g',4.39,'80%','https://www.luxlait.lu/wp-content/uploads/2019/09/beurre-rose-250g-barquette-1.png','Plastic tray',16),
        ('5450168521018','Rose Butter','500g',7.67,'80%','https://www.luxlait.lu/wp-content/uploads/2019/09/beurre-rose-500g-1.png','Aluminium packaging',16),
        ('454161525108','Spreadable','250g',4.33,'80%','https://www.luxlait.lu/wp-content/uploads/2019/10/Beurre_tartinable-face-e1570526858659.png','Plastic tray',17),
        ('454161525108','Light','250g',4.03,'40%','https://www.luxlait.lu/wp-content/uploads/2019/10/Beurre_light-face-e1570526818637.png','Plastic tray',17),
        ('454161525108','Semi-salted','250g',4.03,'75%','https://www.luxlait.lu/wp-content/uploads/2019/10/Beurre_demi-sel-face-e1570526892868.png','Plastic tray',17),

        -- Creams INSERT from author @Luxbaut (Friederici Thibaut)
        ('5450168531598','Liquid fresh cream','0.25L',2.18,'33%','https://www.luxlait.lu/wp-content/uploads/2019/09/Cr%C3%A8me-250ml_face.png',NULL,18),
        ('5450168531598','Liquid fresh cream','0.5L',4.50,'36%','https://www.luxlait.lu/wp-content/uploads/2019/09/Cr%C3%A8me-fraiche-36-0.250L_1_HD_ok_.png',NULL,18),        
        ('5450168531598','Liquid fresh cream','1L',7.25,'36%','https://www.luxlait.lu/wp-content/uploads/2019/09/Cr%C3%A8me-fraiche-36-1L_2_HD_ok_.png',NULL,18),          
        ('5450168531871','Whipping Cream','1L',7.25,'35%','https://www.luxlait.lu/wp-content/uploads/2020/05/Cr%C3%A8me-UHT-35-1L.png',NULL,19),
        ('5450168531871','Smooth','0.2',2.04,'12%','https://www.luxlait.lu/wp-content/uploads/2019/09/cre%CC%80me-200ml-face-12.png',NULL,19),
        ('5450168531871','Whole','0.2L',1.80,'30%','https://www.luxlait.lu/wp-content/uploads/2019/09/cre%CC%80me-200ml-face-30.png',NULL,19),
        ('5450168531871','Culinary Cream','1L',12.04,'18%','https://www.luxlait.lu/wp-content/uploads/2019/09/Creme-culinaire_Face.png',NULL,19),
        ('5450168532151','Coffee cream','10g',0.07,NULL,'https://www.luxlait.lu/wp-content/uploads/2020/05/Coffee-Cream-Dosette_75g.png',NULL,20),
        ('5450168531871','Thick','250g',3.40,'33%','https://www.luxlait.lu/wp-content/uploads/2019/09/Cr%C3%A8me-fraiche-epaisse-250g_Site.png',NULL,21),
        ('5450168531871','Thick','500g',6.52,'33%','https://www.luxlait.lu/wp-content/uploads/2019/09/cr%C3%A8me-fraiche-epaisse-500g_Site.png',NULL,21),
        ('5450168531871','Light','250g',3.40,'33%','https://www.luxlait.lu/wp-content/uploads/2019/09/cr%C3%A8me-fraiche-250g_Site.png',NULL,21),
        ('5450168531871','French style','250g',3.40,'33%','https://www.luxlait.lu/wp-content/uploads/2019/09/Cr%C3%A8me-fraiche-%C3%A0-la-fr-250g_Site.png',NULL,21),

        -- Fresh cheeses and cheeses INSERT from author @Forlu102 (Formica Luca)
        ('5450168564084','Organic faisselle','2x100g',4.69,'6%','https://www.luxlait.lu/wp-content/uploads/2022/05/FaisselleBio_Face-1.png',NULL,22),
        ('5450168562110','Cottage cheese','450g',5.04,NULL,'https://www.luxlait.lu/wp-content/uploads/2019/09/cottage-cheese-250g_Site.png',NULL,23),
        ('5450168562110','Cottage cheese','225g',3.04,NULL,'https://www.luxlait.lu/wp-content/uploads/2019/09/cottage-cheese-500g_Site.png',NULL,23),
        ('5450168561069','Light','250g',2.54,'0.2%','https://www.luxlait.lu/wp-content/uploads/2019/09/fromage-blanc-maigre-250g_Site.png',NULL,24),
        ('5450168561069','Light','500g',5.10,'0.2%','https://www.luxlait.lu/wp-content/uploads/2019/09/Fromage-blanc-maigre-500g_Site.png',NULL,24),
        ('5450168561069','With cream','250g',2.25,'9.2%','https://www.luxlait.lu/wp-content/uploads/2019/09/Fromage-frais-250g_Site.png',NULL,24),
        ('5450168561069','With cream','500g',5.12,'9.2%','https://www.luxlait.lu/wp-content/uploads/2019/09/fromage-blanc-500g_Site.png',NULL,24),
        ('5450168561069','Brach','250g',2.07,'3.5%','https://www.luxlait.lu/wp-content/uploads/2019/09/Lait-caill%C3%A9-250g_Site.png',NULL,25),
        ('5450168561069','Organic brie','150g',4.30,NULL,'https://www.luxlait.lu/wp-content/uploads/2022/06/Brie_2_HD_.png',NULL,26),
        ('5450168564084','Beer Cheese','140g',3.78,'48%','https://www.luxlait.lu/wp-content/uploads/2020/05/fromage-battin.png',NULL,27),
        ('5450168564084','Grated Emmental','200g',3.28,'31%','https://www.luxlait.lu/wp-content/uploads/2019/10/56404_Emmental-rape.png',NULL,28),
        ('5450168564084','Emmental','170g',4.05,NULL,'https://www.luxlait.lu/wp-content/uploads/2019/09/Emmental.png',NULL,29),
        ('5450168562417','Chapelain','170g',4.05,NULL,'https://www.luxlait.lu/wp-content/uploads/2019/09/Chapelain.png',NULL,29),
        ('5450168562417','Gouda','170g',4.05,NULL,'https://www.luxlait.lu/wp-content/uploads/2020/05/gouda.png',NULL,29),
        ('396393898974','Gouda Light','170g',4.05,NULL,'https://www.luxlait.lu/wp-content/uploads/2020/05/gouda-light_.png',NULL,29),
        ('5450168564015','Edamer','170g',4.05,NULL,'https://www.luxlait.lu/wp-content/uploads/2020/05/Edamer.png',NULL,29),
        ('5450168564022','Abbaye','170g',4.05,NULL,'https://www.luxlait.lu/wp-content/uploads/2020/05/Abbaye.png',NULL,29),
        ('5450168564084','Lactose-free emmental','170g',3.85,NULL,'https://www.luxlait.lu/wp-content/uploads/2020/05/Emmental-0-lactose.png',NULL,29),
        ('5450168562417','Lactose-free gouda','170g',3.85,NULL,'https://www.luxlait.lu/wp-content/uploads/2020/05/gouda-0-lactose.png',NULL,29),
        ('5450168531871','Plain','250g',4.30,'40%','https://www.luxlait.lu/wp-content/uploads/2019/09/Kachkeis_250_traditionnel_Face_Site.png','Tub',30),
        ('5450168531871','With herbs','250g',4.30,'40%','https://www.luxlait.lu/wp-content/uploads/2019/09/Kachkeis_FinesHerbes_Face_Site.png','Tub',30),
        ('5450168531871','Low fat','250g',3.65,'0.1%','https://www.luxlait.lu/wp-content/uploads/2019/09/Kachkeis_maigre_Face_Site.png','Tub',30),
        ('5450168531871','Plain','100g',2.23,'40%','https://www.luxlait.lu/wp-content/uploads/2019/09/Kachkeis_100g_traditionnel_Face_Site.png','Tub',30),
        ('5450168531871','Low fat slab','250g',4.50,'0.1%','https://www.luxlait.lu/wp-content/uploads/2019/09/Kachke%CC%81is-saucisse-maigre-250g.png','Roll',30),
        ('5450168531871','Low fat slab','500g',5.60,'0.1%','https://www.luxlait.lu/wp-content/uploads/2019/09/Kachke%CC%81is-saucisse-maigre-500.png','Roll',30),
        ('5450168564084','Plain',NULL,2.78,'34%','https://www.luxlait.lu/wp-content/uploads/2019/09/Cremes-Chapelain-nature.png',NULL,31),
        ('5450168564084','Sweet pepper & pimento',NULL,2.89,'34%','https://www.luxlait.lu/wp-content/uploads/2019/09/Cra%CC%88me-de-chapelain-Poivron-Piment.png',NULL,31),
        ('5450168564084','Italian flavour',NULL,2.98,'34%','https://www.luxlait.lu/wp-content/uploads/2019/09/Cra%CC%88me-de-chapelain-Saveur-Italienne.png',NULL,31),
        ('5450168564084','With black truffle from the Périgord',NULL,3.12,'34%','https://www.luxlait.lu/wp-content/uploads/2019/09/Cra%CC%88me-de-Chapelain-O%CC%88-la-Truffe.png',NULL,31),

        -- Yaourts INSERT from author @LuxKeis (Gamass Mihails)
        ('5450168544192','Lime - Cactus','2x125g',2.15,'1.6%','https://www.luxlait.lu/wp-content/uploads/2020/05/ete-citron.png',NULL,32),
        ('5450168544246','Mango - Turmeric','2x125g',2.15,'1.6%','https://www.luxlait.lu/wp-content/uploads/2020/05/ete-mangue.png',NULL,32),
        ('5450168544741','Yuzu - Green Tea','2x125g',2.15,'1.5%','https://www.luxlait.lu/wp-content/uploads/2020/05/ete-yuzu.png',NULL,32),
        ('5450168544758','Pineapple','2x125g',2.04,'1.5%','https://www.luxlait.lu/wp-content/uploads/2019/10/Ananas.png',NULL,33),
        ('5450168544758','Pineapple','500g',3.24,'1.5%','https://www.luxlait.lu/wp-content/uploads/2019/10/Ananas-500g.png','Pot',33),
        ('5450168544260','Cherry','2x125g',2.04,'1.5%','https://www.luxlait.lu/wp-content/uploads/2019/10/cerise.png',NULL,33),
        ('5450168544734','Lemon','2x125g',2.04,'1.5%','https://www.luxlait.lu/wp-content/uploads/2019/10/citron.png',NULL,33),
        ('5450168544673','Strawberry','2x125g',2.04,'1.5%','https://www.luxlait.lu/wp-content/uploads/2019/10/Fraise.png',NULL,33),
        ('5450168544673','Strawberry','500g',3.24,'1.5%','https://www.luxlait.lu/wp-content/uploads/2019/10/Fraise-500g.png','Pot',33),
        ('5450168544260','Raspberry','2x125g',2.04,'1.5%','https://www.luxlait.lu/wp-content/uploads/2019/10/framboise.png',NULL,33),
        ('5450168544260','Blueberry','2x125g',2.04,'1.5%','https://www.luxlait.lu/wp-content/uploads/2019/10/myrtille.png',NULL,33),
        ('5450168544710','Peach','2x125g',2.04,'1.5%','https://www.luxlait.lu/wp-content/uploads/2019/10/p%C3%AAche.png',NULL,33),
        ('5450168544710','Peach passion fruit','500g',3.24,'1.5%','https://www.luxlait.lu/wp-content/uploads/2019/10/p%C3%AAche-et-fruit-de-la-passion-500g.png','Pot',33),
        ('5450168544260','Rhubarb','2x125g',2.04,'1.5%','https://www.luxlait.lu/wp-content/uploads/2019/10/Rhubarbbe.png',NULL,33),
        ('5450168561526','Vanilla','2x125g',2.04,'1.5%','https://www.luxlait.lu/wp-content/uploads/2019/10/Vanille.png',NULL,33),
        ('5450168561526','Vanilla','500g',3.24,'1.5%','https://www.luxlait.lu/wp-content/uploads/2019/10/Vanille-500g.png','Pot',33),
        ('5450168544673','Strawberry - 6 seeds','2x125g',2.04,'1.6%','https://www.luxlait.lu/wp-content/uploads/2019/10/Fraise-graine.png',NULL,33),
        ('5450168544901','Plain','2x125g',2.04,'3.5%','https://www.luxlait.lu/wp-content/uploads/2019/10/nature.png',NULL,33),
        ('5450168544901','Plain','500g',3.24,'3.5%','https://www.luxlait.lu/wp-content/uploads/2019/10/Nature-500-g.png','Pot',33),
        ('5450168544901','Hazelnut','2x125g',2.04,'3.7%','https://www.luxlait.lu/wp-content/uploads/2019/10/Noisette.png',NULL,33),
        ('5450168544208','Pina Colada','2x125g',2.04,'2.7%','https://www.luxlait.lu/wp-content/uploads/2019/10/Pina-colada.png',NULL,33),
        ('5450168544901','Plain stirred','8x125g',4.69,'1.5%','https://www.luxlait.lu/wp-content/uploads/2019/10/Multipack-nature.png',NULL,33),
        ('5450168542341','Fruit variety pack','8x125g',4.69,'1.5%','https://www.luxlait.lu/wp-content/uploads/2019/10/Multipack-fruit%C3%A9.png',NULL,33),
        ('5450168544901','Speculoos','2x125g',2.15,'1.5%','https://www.luxlait.lu/wp-content/uploads/2019/09/Hiver-sp%C3%A9culoos.png',NULL,34),
        ('5450007826045','Mandarin cheesecake','2x125g',2.15,'1.6%','https://www.luxlait.lu/wp-content/uploads/2019/09/hiver-fromage-blanc.png',NULL,34),
        ('5450168544901','Honey - Walnut','2x125g',2.15,'2.3%','https://www.luxlait.lu/wp-content/uploads/2019/09/Hiver-Noix.png',NULL,34),
        ('5450168561151','Apricot','2x125g',2.08,'1.5%','https://www.luxlait.lu/wp-content/uploads/2019/09/Funny-abricot.png',NULL,35),
        ('5450168544741','Banana','2x125g',2.08,'1.5%','https://www.luxlait.lu/wp-content/uploads/2019/09/Funny-banane.png',NULL,35),
        ('5450168544673','Strawberry','2x125g',2.08,'1.5%','https://www.luxlait.lu/wp-content/uploads/2019/09/Funny-fraise.png',NULL,35),
        ('5450168544901','Plain','2x125g',2.18,'3.5%','https://www.luxlait.lu/wp-content/uploads/2020/05/Bio-nature.png',NULL,36),
        ('5450168544673','Strawberry','2x125g',2.18,'2.8%','https://www.luxlait.lu/wp-content/uploads/2020/05/Bio-fraise.png',NULL,36),
        ('5450168544710','Peach','2x125g',2.18,'2.8%','https://www.luxlait.lu/wp-content/uploads/2020/05/Bio-p%C3%AAche.png',NULL,36),
        ('5450168561526','Vanilla','2x125g',2.18,'2.9%','https://www.luxlait.lu/wp-content/uploads/2020/05/Bio-vanille.png',NULL,36),
        ('5450168561151','Apricot','2x125g',1.94,'0.1%','https://www.luxlait.lu/wp-content/uploads/2019/09/0-abricot.png',NULL,37),
        ('5450168544673','Strawberry','2x125g',1.94,'0.1%','https://www.luxlait.lu/wp-content/uploads/2019/09/0-fraise_.png',NULL,37),
        ('5450168544260','Fruits of the forest','2x125g',1.94,'0.1%','https://www.luxlait.lu/wp-content/uploads/2019/09/0-fruits-des-bois_.png',NULL,37),
        ('5450168544741','Museli','2x125g',1.94,'0.4%','https://www.luxlait.lu/wp-content/uploads/2019/09/0-museli_.png',NULL,37),
        ('5450168544901','Plain','2x125g',1.94,'0.1%','https://www.luxlait.lu/wp-content/uploads/2019/09/0-nature_.png',NULL,37),
        ('5450168544673','Strawberry','2x125g',2.25,'10%','https://www.luxlait.lu/wp-content/uploads/2019/09/satin%C3%A9-fraise.png',NULL,38),
        ('5450168544260','Fruits of the forest','2x125g',2.25,'10%','https://www.luxlait.lu/wp-content/uploads/2019/09/Satin%C3%A9-fruits-des-bois.png',NULL,38),
        ('5450168544307','Stracciatella','2x125g',2.25,'11.5%','https://www.luxlait.lu/wp-content/uploads/2019/09/satin%C3%A9-chocolat.png',NULL,38),
        ('5450168544758','Fruits of the orchard','2x125g',2.25,'10%','https://www.luxlait.lu/wp-content/uploads/2019/09/Satin%C3%A9-fruits-verger.png',NULL,38),
        ('5450168544734','Lemon','2x125g',2.25,'10%','https://www.luxlait.lu/wp-content/uploads/2019/09/Satin%C3%A9-citron.png',NULL,38),
        ('5450168561526','Vanilla','2x125g',2.25,'10%','https://www.luxlait.lu/wp-content/uploads/2019/09/satin%C3%A9-vanille.png',NULL,38),

        -- Dairy desserts INSERT from author @LuxJoghurt (Pedro Ribeiro Costa)
        ('5450168561212','White cheese & strawberry','150g',1.64,'5%','https://www.luxlait.lu/wp-content/uploads/2019/10/56114-Fromage-blanc-fraise_Site.png',NULL,39),
        ('5450168561212','White cheese & apricot','150g',1.64,'5%','https://www.luxlait.lu/wp-content/uploads/2019/10/56115-fromage-blanc-abricot_Site.png',NULL,39),
        ('5450168561212','White cheese & pear','150g',1.64,'5%','https://www.luxlait.lu/wp-content/uploads/2019/10/56116-fromage-blanc-poires_Site.png',NULL,39),
        ('5450168561212','White cheese & fruits of the forest','150g',1.64,'5%','https://www.luxlait.lu/wp-content/uploads/2019/10/56117-fromahe-blanc-fruits-des-bois_Site.png',NULL,39),
        ('5450168561212','Pineapple','150g',1.52,'6%','https://www.luxlait.lu/wp-content/uploads/2020/05/56093-Dessert-ananas_Site.png',NULL,40),
        ('5450168561212','Cherry','150g',1.52,'6%','https://www.luxlait.lu/wp-content/uploads/2020/05/56091-dessert-cerise_Site.png',NULL,40),
        ('5450168561212','Strawberry','150g',1.52,'6%','https://www.luxlait.lu/wp-content/uploads/2020/05/56090-dessert-fraise_Site.png',NULL,40),
        ('5450168561212','Strawberry','125g',1.52,'5%','https://www.luxlait.lu/wp-content/uploads/2019/09/56151_fit-fraise_Site.png',NULL,41),
        ('5450168561212','Blueberry','125g',1.52,'5%','https://www.luxlait.lu/wp-content/uploads/2019/09/56150_fit-myrtille_Site.png',NULL,41),
        ('5450168561212','Caramelised baked apple','125g',1.52,'5%','https://www.luxlait.lu/wp-content/uploads/2019/09/56155_fit-pomme-four_Site.png',NULL,41),
        ('5450168561212','Vanilla','125g',1.52,'5%','https://www.luxlait.lu/wp-content/uploads/2019/09/56152_Fit-vanille_Site.png',NULL,41),
        ('5450168540811','Greek Style Yogurt Plain','150g',1.45,'12.2%','https://www.luxlait.lu/wp-content/uploads/2019/09/54250-Yaourt-%C3%A0-la-grecque_site.png',NULL,42),
        ('5450168540811','Greek Style Yogurt Honey','150g',1.45,'10%','https://www.luxlait.lu/wp-content/uploads/2019/09/54251-Yaourt-%C3%A0-la-grecque-miel_Site.png',NULL,42),
        ('5450168540811','Greek Style Yogurt Plain','1kg',9.67,'10%','https://www.luxlait.lu/wp-content/uploads/2019/09/Yaourt_grec.png',NULL,42),
        ('5450168540811','Greek Style Yogurt Strawberry','1kg',10.13,'8%','https://www.luxlait.lu/wp-content/uploads/2019/09/Yaourt-%C3%A0-la-grecque-fraise_2_HD_.png',NULL,42),
        ('5450168540811','Greek Style Yogurt Peach & Passionfruit','1kg',10.13,'8%','https://www.luxlait.lu/wp-content/uploads/2020/05/Yaourt-a%CC%80-la-grecque-pe%CC%80che-passion_2_HD_.png',NULL,42),

        -- Ice cream INSERT from author @LuxReis (GUO Kaidi)
        ('5450007621039','Strawberry','6×77,5g',9.16,NULL,'https://www.luxlait.lu/wp-content/uploads/2019/08/Multipack-fraise_2_HD_ombre_-e1618404133243.png',NULL,43),
        ('5450007610002','Vanilla & coffee','6×73,5g',9.16,NULL,'https://www.luxlait.lu/wp-content/uploads/2019/08/Multipac-moka_2_HD_ombre_-e1618405784501.png',NULL,43),
        ('5450007610330','Hazelnut','6×76,5g',9.16,NULL,'https://www.luxlait.lu/wp-content/uploads/2019/08/Multipack-noisette_2_HD_ombre_-e1618405919467.png',NULL,43),
        ('5450007610002','Vanilla','6×76,5g',9.16,NULL,'https://www.luxlait.lu/wp-content/uploads/2019/08/Multipack-vanille_2_HD_ombre_-e1618405992152.png',NULL,43),
        ('5450007621022','Chocolate','6×77,5g',9.16,NULL,'https://www.luxlait.lu/wp-content/uploads/2019/08/Multipack-chocolat_2_HD_ombre_-e1618406300972.png',NULL,43),
        ('5450007620575','Lime sorbet','6×75,5g',9.16,NULL,'https://www.luxlait.lu/wp-content/uploads/2019/08/Multipack-citron_2_HD_ombre_-e1618406689731.png',NULL,43),
        ('5450007620575','Hazelnut','6x80ml',7.75,NULL,'https://www.luxlait.lu/wp-content/uploads/2019/08/Noisette-Choco_3_HD_.png',NULL,44),
        ('5450007620575','Pistachio','6x94ml',7.75,NULL,'https://www.luxlait.lu/wp-content/uploads/2019/08/Noisette-Choco_2_HD_.png',NULL,44),
        ('5450007610002','Vanilla','6x80ml',7.75,NULL,'https://www.luxlait.lu/wp-content/uploads/2019/08/Noisette-Choco_1_HD_.png',NULL,44),
        ('5450007610002','Vanilla ice cream','475ml',12.35,NULL,'https://www.luxlait.lu/wp-content/uploads/2019/08/Glace-Luxlait-Vanille.png',NULL,45),
        ('5450007621039','Strawberry ice cream','475ml',12.35,NULL,'https://www.luxlait.lu/wp-content/uploads/2019/08/Glace-Luxlait-Fraise.png',NULL,45),
        ('5450007620575','Pistachio ice cream','475ml',12.35,NULL,'https://www.luxlait.lu/wp-content/uploads/2019/08/Glace-Luxlait-Pistache.png',NULL,45),
        ('5450007621022','Chocolate ice cream','475ml',12.35,NULL,'https://www.luxlait.lu/wp-content/uploads/2019/08/Glace-Luxlait-Chocolat.png',NULL,45),
        ('5450007614529','Coffee ice cream','475ml',12.35,NULL,'https://www.luxlait.lu/wp-content/uploads/2019/08/Glace-Luxlait-Cafe.png',NULL,45),
        ('5450007620575','Mango passion fruit sorbet','475ml',12.35,NULL,'https://www.luxlait.lu/wp-content/uploads/2019/08/Glace-Luxlait-Sorbet-Mangue-Passion.png',NULL,45),
        ('5450007620575','Lemon sorbet','475ml',12.35,NULL,'https://www.luxlait.lu/wp-content/uploads/2019/08/Glace-Luxlait-Sorbet-Citron.png',NULL,45),
        ('5450007620575','Raspberry sorbet','475ml',12.35,NULL,'https://www.luxlait.lu/wp-content/uploads/2019/08/Glace-Luxlait-Sorbet-Framboise.png',NULL,45),
        ('5450007620575','Egg Nog ice cream','475ml',12.35,NULL,'https://www.luxlait.lu/wp-content/uploads/2022/03/Glace-Egg-Nog-dummy.png',NULL,45),
        ('5450007620575','Sorbet Crémant Rosé Brut Poll-Fabaire','475ml',12.35,NULL,'https://www.luxlait.lu/wp-content/uploads/2023/11/Sorbet-Cre%CC%81mant_1_.png',NULL,45),
        ('5450007620575','Coconut','10 iced pralines',2.50,NULL,'https://www.luxlait.lu/wp-content/uploads/2019/08/Miniatures-Coco-simple_Dessus.png',NULL,46),
        ('5450007620575','Raspberry','10 iced pralines',2.50,NULL,'https://www.luxlait.lu/wp-content/uploads/2019/08/Miniatures-Framboise-simple_Dessus.png',NULL,46),
        ('5450007620575','Pistachio','10 iced pralines',2.50,NULL,'https://www.luxlait.lu/wp-content/uploads/2019/08/Miniatures-Pistache-simple_Dessus.png',NULL,46),
        ('5450007620575','Praline','10 iced pralines',2.50,NULL,'https://www.luxlait.lu/wp-content/uploads/2019/08/Miniatures-Pralin%C3%A9-simple_Dessus.png',NULL,46),
        ('5450007610002','Vanilla','10 iced pralines',2.50,NULL,'https://www.luxlait.lu/wp-content/uploads/2019/08/Miniatures-Vanille-simple_Dessus.png',NULL,46),
        ('5450007620575','Lemon','6x80ml',7.15,NULL,'https://www.luxlait.lu/wp-content/uploads/2019/08/Watersticks-Mutlipack-Citron_2_HD_.png',NULL,47),
        ('5450007620575','Cola','6x80ml',7.15,NULL,'https://www.luxlait.lu/wp-content/uploads/2019/08/Watersticks-Mutlipack-Cola_2_HD_.png',NULL,47),
        ('5450007620575','Orange','6x80ml',7.15,NULL,'https://www.luxlait.lu/wp-content/uploads/2019/08/Watersticks-Mutlipack-Orange_2_HD_.png',NULL,47),
        ('5450007620575','Frozen caramel salted butter yogurt with pecans','200ml',3.29,NULL,'https://www.luxlait.lu/wp-content/uploads/2019/09/Frozen-Yogurt-Caramel.png',NULL,48),
        ('5450007620575','Frozen caramel salted butter yogurt with pecans','1L',15.25,NULL,'https://www.luxlait.lu/wp-content/uploads/2019/09/frozen-yogurt-caramel_pecan.png',NULL,48),
        ('5450007621039','Strawberry','200ml',3.29,NULL,'https://www.luxlait.lu/wp-content/uploads/2019/08/Frozen-Yogurt-Fraise.png',NULL,48),
        ('5450007621039','Strawberry','1L',15.25,NULL,'https://www.luxlait.lu/wp-content/uploads/2019/08/frozen-yogurt-fraise.png',NULL,48),
        ('5450007620575','Peach & passion fruit','200ml',3.29,NULL,'https://www.luxlait.lu/wp-content/uploads/2019/09/Frozen-Yogurt-Peche.png',NULL,48),
        ('5450007620575','Peach & passion fruit','1L',15.25,NULL,'https://www.luxlait.lu/wp-content/uploads/2019/09/frozen-yogurt-peche_passion.png',NULL,48),
        ('5450007620575','Rasberry','200ml',3.29,NULL,'https://www.luxlait.lu/wp-content/uploads/2019/09/FY-Framboise.png',NULL,48),
        ('5450007610002','Vanilla','200ml',3.14,NULL,'https://www.luxlait.lu/wp-content/uploads/2019/09/FY-Vanille.png',NULL,48),
        ('5450007610002','Vanilla','1L',14.25,NULL,'https://www.luxlait.lu/wp-content/uploads/2019/09/frozen-yogurt-vanille.png',NULL,48),
        ('5450007620575','Strawberry','100ml',2.85,NULL,'https://www.luxlait.lu/wp-content/uploads/2019/08/Minicups_fraise_face.png',NULL,49),
        ('5450007620575','Mocha','100ml',2.85,NULL,'https://www.luxlait.lu/wp-content/uploads/2019/08/Minicups_caf%C3%A9_face.png',NULL,49),
        ('5450007610002','Vanilla','100ml',2.85,NULL,'https://www.luxlait.lu/wp-content/uploads/2019/08/Minicups_vanille_face.png',NULL,49),
        ('55450007621022','Chocolate','100ml',2.85,NULL,'https://www.luxlait.lu/wp-content/uploads/2019/08/Minicups_choco_face.png',NULL,49),
        ('5450007614529','Coffee','1L',8.15,NULL,'https://www.luxlait.lu/wp-content/uploads/2019/09/glace_bio_cafe.png',NULL,50),
        ('5450007621022','Chocolate','1L',8.15,NULL,'https://www.luxlait.lu/wp-content/uploads/2019/09/glace_bio_choco.png',NULL,50),
        ('5450007621039','Strawberry','1L',8.15,NULL,'https://www.luxlait.lu/wp-content/uploads/2019/09/glace_bio_fraise.png',NULL,50),
        ('5450007610002','Vanilla','1L',8.15,NULL,'https://www.luxlait.lu/wp-content/uploads/2019/09/glace_bio_vanille.png',NULL,50),
        ('5450007621022','Chocolate','1L/556G',6.85,NULL,'https://www.luxlait.lu/wp-content/uploads/2019/10/FC_Chocolat.png',NULL,51),
        ('5450007611443','Dame blanche','1L/556G',7.13,NULL,'https://www.luxlait.lu/wp-content/uploads/2019/10/FC_DameBlanche.png',NULL,51),
        ('5450007621039','Strawberry','1L/556G',6.85,NULL,'https://www.luxlait.lu/wp-content/uploads/2019/10/FC_Fraise.png',NULL,51),
        ('5450007614529','Coffee','1L/556G',6.85,NULL,'https://www.luxlait.lu/wp-content/uploads/2019/10/FC_Moka.png',NULL,51),
        ('5450007620575','Pistachio','1L/556G',6.85,NULL,'https://www.luxlait.lu/wp-content/uploads/2019/10/FC_Pistache.png',NULL,51),
        ('5450007610002','Vanilla','1L/556G',7.13,NULL,'https://www.luxlait.lu/wp-content/uploads/2019/10/FC_Vanille.png',NULL,51),
        ('5450007611443','Dame blanche','4x200ml',9.28,NULL,'https://www.luxlait.lu/wp-content/uploads/2019/08/Boite-dame-blanche_BR.png',NULL,52),
        ('5450007610002','Lingot vanilla','1L',7.85,NULL,'https://www.luxlait.lu/wp-content/uploads/2019/08/Lingot_Dessus-web.png',NULL,53),
        ('5450007620575','Brésilienne','1L',7.85,NULL,'https://www.luxlait.lu/wp-content/uploads/2019/08/Bre%CC%81silienne_Dessus_web.png',NULL,53),
        ('5450007620575','Bûche de Noël','1L',7.85,NULL,'https://www.luxlait.lu/wp-content/uploads/2019/08/Buche_Noel_TopView.png',NULL,53),
        
        -- Biscuits INSERT from author @LuxReis (GUO Kaidi)
        ('5450168525153','Sablés','130g – 4×4 Sablés',2.67,NULL,'https://www.luxlait.lu/wp-content/uploads/2019/09/Site2-2.png',NULL,54),
        ('5450168525153','Almond & Lemon','120g',2.67,NULL,'https://www.luxlait.lu/wp-content/uploads/2019/09/Minisables-Citron-Amande.png',NULL,55),
        ('5450168525153','Honey & Sesame','120g',2.67,NULL,'https://www.luxlait.lu/wp-content/uploads/2019/09/Minisables-Miel-Sesame.png',NULL,55),
        ('5450168525153','Orange & Chocolate','120g',2.67,NULL,'https://www.luxlait.lu/wp-content/uploads/2019/09/Minisables-Orange-Choco.png',NULL,55),
        ('5450168525153','Galettes','125g – 4×4 Galettes',3.04,NULL,'https://www.luxlait.lu/wp-content/uploads/2019/09/Site2-1.png',NULL,56),
        ('5450168525153','Choco Splits','200g',3.53,NULL,'https://www.luxlait.lu/wp-content/uploads/2019/09/Site2.png',NULL,57);

        -- Rating SQL from author @LuxLait (Frisch Tim)
 
CREATE TABLE tblRating(
    idRating DOUBLE NOT NULL,
    dtDescription VARCHAR(15),
    dtImage VARCHAR(30),
    PRIMARY KEY (idRating)
);

INSERT INTO tblRating (idRating, dtDescription, dtImage)
VALUES (0,'Empty Star','bi bi-star'),
        (0.5,'Half Star','bi bi-star-half'),
        (1,'Full Star','bi bi-star-fill'),
        (1.5,NULL,NULL),
        (2,NULL,NULL),
        (2.5,NULL,NULL),
        (3,NULL,NULL),
        (3.5,NULL,NULL),
        (4,NULL,NULL),
        (4.5,NULL,NULL),
        (5,NULL,NULL);
        
        -- Product rating SQL from author @LuxLait (Frisch Tim)

CREATE TABLE tblProductRating(
    idProductRating INT NOT NULL AUTO_INCREMENT,
    fiRating DOUBLE NOT NULL,
    fiProduct INT NOT NULL,
    fiUsername VARCHAR(10) NOT NULL,
    PRIMARY KEY (idProductRating),
    FOREIGN KEY (fiRating) REFERENCES tblRating (idRating) ON DELETE CASCADE ON UPDATE CASCADE,
    FOREIGN KEY (fiProduct) REFERENCES tblProduct (idProduct) ON DELETE CASCADE ON UPDATE CASCADE,
    FOREIGN KEY (fiUsername) REFERENCES tblUser (idUsername) ON DELETE CASCADE ON UPDATE CASCADE
);
        
INSERT INTO tblProductRating (fiRating, fiProduct, fiUsername)
VALUES
        (1, 2, 'ribpe261'),
        (5, 3, 'ribpe261'),
        (3, 1, 'ribpe261'),
        (2, 4, 'ribpe261'),
        (4.5, 5, 'ribpe261'),
        (4.5, 6, 'ribpe261'),
        (2.5, 7, 'ribpe261'),
        (1.5, 8, 'ribpe261'),
        (2.5, 9, 'ribpe261'),
        (4.5, 10, 'ribpe261'),
        (3.5, 11, 'ribpe261'),
        (3, 12, 'ribpe261'),
        (3, 13, 'ribpe261'),
        (1.5, 14, 'ribpe261'),
        (3.5, 15, 'ribpe261'),
        (1.5, 16, 'ribpe261'),
        (0, 17, 'ribpe261'),
        (1, 18, 'frith033'),
        (4, 19, 'frith033'),
        (5, 20, 'frith033'),
        (2, 21, 'frith033'),
        (5, 22, 'frith033'),
        (3.5, 23, 'frith033'),
        (2.5, 24, 'frith033'),
        (0, 25, 'frith033'),
        (3, 26, 'frith033'),
        (3, 27, 'frith033'),
        (2, 28, 'frith033'),
        (3.5, 29, 'frith033'),
        (1, 30, 'frith033'),
        (2, 31, 'frith033'),
        (0, 32, 'frith033'),
        (2.5, 33, 'frith033'),
        (2, 34, 'frith033'),
        (0, 35, 'frith033'),
        (4.5, 36, 'frith033'),
        (0.5, 37, 'frith033'),
        (0.5, 38, 'frith033'),
        (3, 39, 'frith033'),
        (4.5, 40, 'frith033'),
        (1, 41, 'frith033'),
        (5, 42, 'frith033'),
        (4, 43, 'frith033'),
        (3.5, 44, 'frith033'),
        (2, 45, 'frith033'),
        (0.5, 46, 'frith033'),
        (1.5, 47, 'frith033'),
        (2, 48, 'frith033'),
        (0, 49, 'frith033'),
        (0, 50, 'frith033'),
        (5, 51, 'frith033'),
        (0, 52, 'frith033'),
        (3.5, 53, 'frith033'),
        (0.5, 54, 'frith033'),
        (1, 55, 'frith033'),
        (1, 56, 'frith033'),
        (2.5, 57, 'frith033'),
        (0, 58, 'frith033'),
        (3.5, 59, 'frith033'),
        (3.5, 60, 'frith033'),
        (4.5, 61, 'frith033'),
        (4.5, 62, 'frith033'),
        (1, 63, 'frith033'),
        (4, 64, 'frith033'),
        (5, 65, 'frith033'),
        (2, 66, 'frith033'),
        (3, 67, 'frith033'),
        (1.5, 68, 'frith033'),
        (4, 69, 'frith033'),
        (0, 70, 'frith033'),
        (1, 71, 'frith033'),
        (5, 72, 'frith033'),
        (5, 73, 'frith033'),
        (0.5, 74, 'frith033'),
        (1.5, 75, 'frith033'),
        (2, 76, 'frith033'),
        (1, 77, 'frith033'),
        (3.5, 78, 'frith033'),
        (4.5, 79, 'frith033'),
        (3.5, 80, 'frith033'),
        (3, 81, 'frith033'),
        (1.5, 82, 'frith033'),
        (1.5, 83, 'frith033'),
        (4.5, 84, 'frith033'),
        (1, 85, 'frith033'),
        (5, 86, 'frith033'),
        (2, 87, 'frith033'),
        (5, 88, 'frith033'),
        (3, 89, 'frith033'),
        (0, 90, 'frith033'),
        (4.5, 91, 'frith033'),
        (1.5, 92, 'frith033'),
        (4.5, 93, 'frith033'),
        (2, 94, 'frith033'),
        (2, 95, 'frith033'),
        (4.5, 96, 'frith033'),
        (1.5, 97, 'frith033'),
        (1.5, 98, 'frith033'),
        (3, 99, 'frith033'),
        (4, 100, 'frith033'),
        (2.5, 101, 'frith033'),
        (1, 102, 'frith033'),
        (1.5, 103, 'frith033'),
        (4.5, 104, 'frith033'),
        (4.5, 105, 'frith033'),
        (5, 106, 'frith033'),
        (3.5, 107, 'frith033'),
        (4.5, 108, 'frith033'),
        (1, 109, 'frith033'),
        (1.5, 110, 'frith033'),
        (3.5, 111, 'frith033'),
        (1, 112, 'frith033'),
        (1, 113, 'frith033'),
        (3, 114, 'frith033'),
        (1.5, 115, 'frith033'),
        (0.5, 116, 'frith033'),
        (0, 117, 'frith033'),
        (4.5, 118, 'frith033'),
        (1.5, 119, 'frith033'),
        (4, 120, 'frith033'),
        (1.5, 121, 'frith033'),
        (0, 122, 'frith033'),
        (1, 123, 'frith033'),
        (1.5, 124, 'frith033'),
        (5, 125, 'frith033'),
        (0.5, 126, 'frith033'),
        (4.5, 127, 'frith033'),
        (0, 128, 'frith033'),
        (3, 129, 'frith033'),
        (3, 130, 'frith033'),
        (0, 131, 'frith033'),
        (5, 132, 'frith033'),
        (5, 133, 'frith033'),
        (1.5, 134, 'frith033'),
        (1, 135, 'frith033'),
        (0, 136, 'frith033'),
        (4, 137, 'frith033'),
        (1.5, 138, 'frith033'),
        (1.5, 139, 'frith033'),
        (2, 140, 'frith033'),
        (3, 141, 'frith033'),
        (5, 142, 'frith033'),
        (2.5, 143, 'frith033'),
        (3, 144, 'frith033'),
        (1, 145, 'frith033'),
        (5, 146, 'frith033'),
        (0, 147, 'frith033'),
        (0.5, 148, 'frith033'),
        (0, 149, 'frith033'),
        (3.5, 150, 'frith033'),
        (1, 151, 'frith033'),
        (0.5, 152, 'frith033'),
        (4, 153, 'frith033'),
        (0.5, 154, 'frith033'),
        (2.5, 155, 'frith033'),
        (1.5, 156, 'frith033'),
        (4, 157, 'frith033'),
        (4, 158, 'frith033'),
        (4, 159, 'frith033'),
        (1, 160, 'frith033'),
        (3, 161, 'frith033'),
        (0.5, 162, 'frith033'),
        (3.5, 163, 'frith033'),
        (0, 164, 'frith033'),
        (0, 165, 'frith033'),
        (4, 166, 'frith033'),
        (4, 167, 'frith033'),
        (1, 168, 'frith033'),
        (0, 169, 'frith033'),
        (4.5, 170, 'frith033'),
        (1.5, 171, 'frith033'),
        (4, 172, 'frith033'),
        (1.5, 173, 'frith033'),
        (3.5, 174, 'frith033'),
        (4.5, 175, 'frith033'),
        (1.5, 176, 'frith033'),
        (0, 177, 'frith033'),
        (4, 178, 'frith033'),
        (0.5, 179, 'frith033'),
        (5, 180, 'frith033'),
        (2, 181, 'frith033'),
        (3.5, 182, 'frith033'),
        (2.5, 183, 'frith033'),
        (3.5, 184, 'frith033'),
        (4.5, 185, 'frith033'),
        (0, 186, 'frith033'),
        (0.5, 187, 'frith033'),
        (3, 188, 'frith033'),
        (4.5, 189, 'frith033'),
        (2, 190, 'frith033'),
        (3, 191, 'frith033'),
        (0, 192, 'frith033'),
        (0.5, 193, 'frith033'),
        (2.5, 194, 'frith033'),
        (3, 195, 'frith033'),
        (4.5, 196, 'frith033'),
        (0, 197, 'frith033'),
        (0.5, 198, 'frith033'),
        (5, 199, 'frith033'),
        (0.5, 200, 'frith033'),
        (3.5, 201, 'frith033'),
        (5, 202, 'frith033'),
        (3, 203, 'frith033'),
        (0, 204, 'frith033'),
        (1, 205, 'frith033'),
        (0.5, 206, 'frith033'),
        (0.5, 207, 'frith033'),
        (2.5, 208, 'frith033'),
        (3, 209, 'frith033'),
        (1.5, 210, 'frith033');

        -- Recipe SQL from autor @LuxKeis (Gamass Mihails)

CREATE TABLE tblRecipe(
    idRecipe INT NOT NULL AUTO_INCREMENT,
    dtName VARCHAR(100) NOT NULL,
    dtDescription VARCHAR(300) NOT NULL,
    dtImage VARCHAR(225) NOT NULL,
    PRIMARY KEY (idRecipe)
);
 
 
INSERT INTO tblRecipe(dtName, dtDescription, dtImage) VALUES
    ('Loaded Kräiderkachkéis fries', 'Preparation time: 30 minutes • Cooking time: 30 minutes', 'https://www.luxlait.lu/wp-content/uploads/2024/02/24-02-Loaded-fries-3-scaled.jpg'),
    ('Cottage Cheese Bread baked with 5 ingredients', 'Prep time: 15 minutes • Baking time: 60-70 minutes', 'https://www.luxlait.lu/wp-content/uploads/2024/02/Picture-for-website-scaled.jpeg'),
    ('Tasty omelette wraps, served in 15 minutes', '2 servings • 10 minutes prep time • 5 minutes cooking time', 'https://www.luxlait.lu/wp-content/uploads/2024/02/24-02-Omelette-wraps-2-scaled.jpg'),
    ('An alcohol free chaï cocktail filled with tasty spices', 'Temps de préparation : 25 minutes', 'https://www.luxlait.lu/wp-content/uploads/2024/01/LUX-23-09-chai-mocktail-1-scaled.jpg'),
    ('Gravlax with lemon and dill served with a scoop of Sorbet Crémant Rosé Poll-Fabaire', '', 'https://www.luxlait.lu/wp-content/uploads/2023/12/SorbetCrémant-29-scaled.jpg'),
    ('Pinecone shaped little cocoa biscuits', 'Prep time: 15 minutes • Refrigerating the dough: 45 minutes • Baking time: 15 minutes', 'https://www.luxlait.lu/wp-content/uploads/2023/12/WEBSITE-PIC2-scaled.jpeg'),
    ('A last minute idea for something small and sweet.', 'A scoop of Poll-Fabaire Crémant Rosé Brut sorbet on small pear and raspberry tarts. Prep time: 30 minutes • Resting time: 1 hour • Baking time: 35 minutes', 'https://www.luxlait.lu/wp-content/uploads/2023/12/LUX-23-12-tartelettes-1-scaled.jpg'),
    ('Festive Crémant Sorbet Jelly', 'Let\""s make a Festive Crémant Sorbet Jelly. What\""s better than a glass of Crémant to celebrate the festive season? A glass of Crémant with a piece of Crémant jelly and a Crémant Sorbet on top. Prep time: 15 minutes. Refrigerate: 8 hours min. or overnight', 'https://www.luxlait.lu/wp-content/uploads/2023/12/231210_01_Festive-Crémant-Sorbet-Jelly-scaled.jpeg'),
    ('Candy Cane Sorbet crémant rosé brut Poll-Fabaire', 'Prep time: 10min', 'https://www.luxlait.lu/wp-content/uploads/2023/11/01-1-scaled.jpeg'),
    ('Lillet Sorbet crémant rosé brut Poll-Fabaire', 'Prep time: 5min', 'https://www.luxlait.lu/wp-content/uploads/2023/12/SorbetCrémant-16-scaled.jpg'),
    ('Gin Crémant rosé', 'Prep-time: 5 min', 'https://www.luxlait.lu/wp-content/uploads/2023/12/SorbetCrémant-14-scaled.jpg'),
    ('Homemade Egg Nog Trifle', '15min Preptime & 3 hours of resting in the fridge • Cooking: 5-8min', 'https://www.luxlait.lu/wp-content/uploads/2023/11/231027_LUXLAIT-EGGNOG-TRIFLE-copy-scaled.jpg'),
    ('Our chocolate reindeers flocked just in time!', 'Prep time: 15 minutes • Baking Time 20 minutes', 'https://www.luxlait.lu/wp-content/uploads/2023/10/LUX-23-09-reindeer-brownies-1-scaled.jpg'),
    ('Delicious plum crumble with our Sorbet au Crémant Rosé Brut Poll-Fabaire', '', 'https://www.luxlait.lu/wp-content/uploads/2023/11/SorbetCrémant-30-scaled.jpg'),
    ('Eggnog Pumpkin roll', 'It’s not the autumn season without a roll cake, and this pumpkin, eggnog, cinnamon combo is the perfect proof for that. It’s so soft, moist, rich of flavor and really easy to make! Prep time: 15 minutes. Baking time: 12 minutes. Cooling: 1 hour. Total time: 1,5 hours - Refrigerate: overnight', 'https://www.luxlait.lu/wp-content/uploads/2023/11/231101_Luxlait_Eggnog-Pumpkin-Roll-Cover-picture-scaled.jpg'),
    ('Christmas biscuits featuring our famous Egg Nog!', 'Prep time: 15 minutes • Baking time: 15 minutes • Resting time: 1 hour', 'https://www.luxlait.lu/wp-content/uploads/2023/07/LUX-23-10-eggnog-biscuits-scaled.jpg'),
    ('Baked brie in a bowl made out of bread!', 'Serves 4 • Prep time: 5 minutes • Cooking time: 35 minutes', 'https://www.luxlait.lu/wp-content/uploads/2023/10/LUX-23-10-baked-brie-2-819x1024.jpg'),
    ('Do you like mushroom toast?You\""ll love our version with Kachkéis!', 'Serves 4 • Prep time: 10 minutes • Cooking time: 30 minutes', 'https://www.luxlait.lu/wp-content/uploads/2023/10/LUX-23-09-Kachkeis-toast-1-scaled.jpg'),
    ('Use your pumpkin for more than just soup!', 'Serves 4 • Pep time: 25 minutes • Cooking time: 35 minutes', 'https://www.luxlait.lu/wp-content/uploads/2023/09/LUX-23-09-stuffed-pumpkin-1-scaled.jpg'),
    ('With pear and caramelised nuts', 'Serves 2 - Prep time: 10 minutes - Cooking time: 5 minutes', 'https://www.luxlait.lu/wp-content/uploads/2023/08/230725_LUXLAIT_RECIPE_01_EDIT-scaled.jpg'),
    ('Baked not fried!', 'Prep time: 30 min - Marinating time: 1 hour', 'https://www.luxlait.lu/wp-content/uploads/2023/08/Crispy-Cornflake-Turkey-Cover-Picture-01.jpeg'),
    ('A whole lot of fruit for the whole family', 'Makes 8 popsicles • Prep time: 10 minutes', 'https://www.luxlait.lu/wp-content/uploads/2023/07/LUX-juillet-watermelon-popsicles-1-scaled.jpg'),
    ('This colorful appetizer is perfect for any occasion and time of the year', 'Prep time: 45 minutes - Refrigerate: 2h', 'https://www.luxlait.lu/wp-content/uploads/2023/07/image00007.jpeg'),
    ('Step up your iced coffee game', 'Serves 1 • Prep time: 15 minutes', 'https://www.luxlait.lu/wp-content/uploads/2023/07/LUX-juin-lavender-latte-1-scaled.jpg'),
    ('A refreshing snack that the whole family will love!', 'Prep time: 20 minutes - Freezer: 2h', 'https://www.luxlait.lu/wp-content/uploads/2023/06/230607_01_website-pic-2-scaled.jpeg'),
    ('For all rum, cocktail and sorbet lovers!', 'Makes 1 cocktail • Freezing time: 2h • Prep time: 5 minutes', 'https://www.luxlait.lu/wp-content/uploads/2023/06/web.png'),
    ('With quark salsa', 'Serves 2 - Prep time: 20 minutes', 'https://www.luxlait.lu/wp-content/uploads/2023/05/Saumon-Tartare.jpg'),
    ('A delicious surprise for Mother\""s Day', 'Prep: 2 h (+ resting time) • Oven: 14 min • Makes 4 hearts', 'https://www.luxlait.lu/wp-content/uploads/2023/05/LUX-Joelle-Mammendag-3-scaled.jpg'),
    ('Make your own Paneer!', 'Serves 4 - Prep time: 5 minutes - Cooking time: 15 minutes', 'https://www.luxlait.lu/wp-content/uploads/2023/05/Socials.png'),
    ('Let the BBQ season begin!', 'Serves 4 – Prep time: 10 min – Cooking time: 15 min', 'https://www.luxlait.lu/wp-content/uploads/2023/05/LUX-avril-faisselle-2-scaled.jpg'),
    ('If you like our chocolate milk, you will love this pudding!', 'Prep time : 10 min. - Refrigerate : 4h', 'https://www.luxlait.lu/wp-content/uploads/2023/04/image00011.jpeg'),
    ('The perfect Easter breakfast for young and old', 'Preparation: 2h - Serves 6', 'https://www.luxlait.lu/wp-content/uploads/2023/03/LUX-Joelle-schof-scaled.jpg'),
    ('Show your love with this sweet bretzel', 'Makes 2 bretzels  • Prep time: 45 min  •  Rest time: overnight  •  Baking time: 25 min', 'https://www.luxlait.lu/wp-content/uploads/2023/03/IMG-9173.jpg'),
    ('A modern creation for Kachkéis lovers!', 'Preparation: 5 minutes • Oven: 30 minutes', 'https://www.luxlait.lu/wp-content/uploads/2023/02/230127_LUXLAIT_KACHKEIS_MD_CL_EH-004-1024x684.jpg'),
    ('Does your Valentine love pancakes?', 'Serves 2 • Preparation: 20 minutes', 'https://www.luxlait.lu/wp-content/uploads/2023/01/IMG_7116-scaled.jpeg'),
    ('Celebrate Candlemas and Carnival with your kids!', 'Serves 4 • Preparation: 1 hour + 1 hour resting time', 'https://www.luxlait.lu/wp-content/uploads/2023/01/LUX-Joelle-clown-3-scaled.jpg'),
    ('Prepare the perfect breakfast treat', 'Makes 2 servings • Prep time: 5 minutes + 12h overnight resting', 'https://www.luxlait.lu/wp-content/uploads/2023/01/LUX-tiramisu-OVO-2-scaled.jpg'),
    ('A sundae made for the end of year holidays!', 'Serves 3 – Prep: 40mins – Overnight soaking – Oven: 1½ h', 'https://www.luxlait.lu/wp-content/uploads/2022/12/Egg-Nog-Sundae-Luxlait-3-scaled.jpg'),
    ('The perfect starter for your Christmas dinner', 'Makes 6 – Prep: 30 mins', 'https://www.luxlait.lu/wp-content/uploads/2022/12/Crayfish-Verrine-Luxlait-3-scaled.jpg'),
    ('As a starter or aperitif', 'Pour 30 mini muffins – Préparation : 15 min – Four : 15 min', 'https://www.luxlait.lu/wp-content/uploads/2022/12/Kefir-Muffins-Luxlait-4-scaled.jpg'),
    ('WITH POMEGRANATE AND CARAMELISED WALNUTS', 'Serves 2 - Prep: 15 minutes - Oven: 40 minutes', 'https://www.luxlait.lu/wp-content/uploads/2022/11/221021_LUXLAIT-024-scaled.jpg'),
    ('Potatoes and dairy products - the perfect combo!', 'Serves 4 – Prep: 15min + 20 min cooling – Oven: 1h 20min', 'https://www.luxlait.lu/wp-content/uploads/2022/10/Twice-Baked-Potato-Luxlait-scaled.jpg'),
    ('Your new favourite winter drink', 'Makes 2 cups – Prep: 15min', 'https://www.luxlait.lu/wp-content/uploads/2022/11/Spiced-Egg-Nog-Luxlait-3-scaled.jpg'),
    ('For all the Egg Nog lovers out there', 'Makes 1 cheesecake of 23cm, for 12 people – Prep: 1h – Oven: 1h30min – Fridge: 12h', 'https://www.luxlait.lu/wp-content/uploads/2021/12/Egg-Nog-Cheesecake-Luxlait-2-scaled.jpg'),
    ('For a spooky Halloween dinner', 'Serves 4 – Prep: 1 hour + Oven: 35 min', 'https://www.luxlait.lu/wp-content/uploads/2022/10/Halloween-Poivron-Luxlait-scaled.jpg'),
    ('A scandinavian classic with a luxembourgish twist!', 'Serves 4 – Prep: 1h', 'https://www.luxlait.lu/wp-content/uploads/2022/09/Kötbullar-Luxlait-Wide-scaled.jpg'),
    ('Autumn\""s favorite vegetable', 'Quick and easy recipe', 'https://www.luxlait.lu/wp-content/uploads/2020/10/KACHEN-2020-LUXLAIT-3-scaled.jpg'),
    ('The fluffiest scone ever', 'Prep: 40 min • Oven: 18 min • Makes 6 scones', 'https://www.luxlait.lu/wp-content/uploads/2021/08/Blueberry-Scones-Luxlait-scaled.jpg'),
    ('Quick and easy', 'Discover how to use our garlic herb butter for a toast!', 'https://www.luxlait.lu/wp-content/uploads/2022/08/Kraiderbotter-Social-media-scaled.jpg'),
    ('Refreshing pleasure', 'How about trying something new with our sorbets?', 'https://www.luxlait.lu/wp-content/uploads/2022/08/LUXLAIT1-scaled.jpg'),
    ('Garlic butter salmon skewers with herb tabbouleh', 'Serves 4 – Prep: 45 mins – BBQ: 5 mins', 'https://www.luxlait.lu/wp-content/uploads/2022/08/Salmon-Skewers-Luxlait-1-scaled.jpg'),
    ('Discover our new Brie in this summery recipe', 'Serves 2 – Prep: 30 minutes', 'https://www.luxlait.lu/wp-content/uploads/2022/06/Brie-Salad-Luxlait-scaled.jpg'),
    ('A lemony dessert', 'Try this lemon tart in a jar with Luxlait lemon sorbet', 'https://www.luxlait.lu/wp-content/uploads/2022/05/Tarte-au-citron-scaled.jpg'),
    ('Celebrate National Day with a classic', 'Prep: 45 mins + 30 minutes resting', 'https://www.luxlait.lu/wp-content/uploads/2022/06/Wäffelcher-Wide-scaled.jpg'),
    ('A new way to make quiche', 'Makes 4 quiches of 12 cm – Prep: 30 mins – Oven: 30 mins', 'https://www.luxlait.lu/wp-content/uploads/2022/05/Quiches-Faisselle-Luxlait-2-scaled.jpg'),
    ('A greedy pleasure', 'Makes 6 – Prep: 30 min – Rest: 1 hour – Oven: 18 minutes', 'https://www.luxlait.lu/wp-content/uploads/2022/05/Moelleux-Pistache-Luxlait-1-scaled.jpg'),
    ('For special occasions', 'For 1 rectangular cake tray measuring 25x20cm - Prep: 1 hour 15 mins', 'https://www.luxlait.lu/wp-content/uploads/2022/04/Bamkuch-Luxlait-scaled.jpg'),
    ('For your Easter lunch', 'Serves 4 - Prep 1h', 'https://www.luxlait.lu/wp-content/uploads/2022/04/Web.png'),
    ('A luxembourgish classic', 'Serves 4 – Prep 30 minutes', 'https://www.luxlait.lu/wp-content/uploads/2022/03/Bouneschlupp-Cream-Luxlait-scaled.jpg'),
    ('Making your own bread was never easier!', 'Makes 1 loaf – Prep 10min – Oven 45min', 'https://www.luxlait.lu/wp-content/uploads/2022/03/SiteOK.jpg'),
    ('For Asian food lovers', 'Spicy recipe with fermented milk', 'https://www.luxlait.lu/wp-content/uploads/2022/03/web-scaled.jpg'),
    ('Surprise your Valentine!', 'Makes 4 hearts – Prep: 15min', 'https://www.luxlait.lu/wp-content/uploads/2022/02/Valentines-French-Toast-Luxlait-Hearts_2-scaled.jpg'),
    ('Léiwer Härgottsblieschen, Gitt ons Speck an Ierbessen...', 'Serves 8 – Prep: 1h 15min – Oven: 20 minutes', 'https://www.luxlait.lu/wp-content/uploads/2022/01/Chicken-Pie-Luxlait-2-scaled.jpg'),
    ('Cordon Bleu Bake', 'Serves 4 – Prep: 45min – Oven: 25 minutes', 'https://www.luxlait.lu/wp-content/uploads/2022/01/Cordon-Bleu-Bake-Luxlait-1-scaled.jpg'),
    ('THE LUXEMBOURG VERSION OF A GOOD TRADITIONAL FONDUE', 'Serves 4 • Prep 50’ • Easy • Vegetarian', 'https://www.luxlait.lu/wp-content/uploads/2021/12/Fondue-bright-web.jpg'),
    ('For all the Kachkéis-lovers', 'Serves 8 – Prep: 1 hour', 'https://www.luxlait.lu/wp-content/uploads/2021/12/Kachkéis-Soup-Luxlait-scaled.jpg'),
    ('Take your breakfast croissant to another level', 'Serves 6 – Prep: 15 min - Oven: 30 min', 'https://www.luxlait.lu/wp-content/uploads/2021/10/Croissant-Bread-and-Butter-Pudding-Luxlait-scaled.jpg'),
    ('American tradition meets Italian dessert', 'Prep: 30 minutes + 5h fridge', 'https://www.luxlait.lu/wp-content/uploads/2020/12/Pannacotta_AF_Luxlait_NewBottle-scaled.jpg'),
    ('The Luxembourg version of a good traditional fondue', 'Prep 50’ • Easy • Vegetarian', 'https://www.luxlait.lu/wp-content/uploads/2020/12/Kachkéis-Fondue-scaled.jpg'),
    ('Makes the heart of every "Kachkeislover" melt', 'Serves 4 • Prep 45 minutes • Vegetarian', 'https://www.luxlait.lu/wp-content/uploads/2021/09/Kachkéis-Kniddelen-Luxlait-scaled.jpg'),
    ('Ice lollies for the whole family', 'Makes 4 lollies • Prep: 20 minutes + overnight freezing', 'https://www.luxlait.lu/wp-content/uploads/2021/07/Frozen-Yoghurt-Lollies-Luxlait-1-scaled.jpg'),
    ('A Mexican dish with typical flavours of Luxembourg', 'Makes 7 • Prep: 20min • Oven: 20 min', 'https://www.luxlait.lu/wp-content/uploads/2021/06/Lux-Tortillas-Luxlait-scaled.jpg'),
    ('It\""s rhubarb and strawberry season!', 'Serves 6 •  Prep: 30 min • Oven: 40 min', 'https://www.luxlait.lu/wp-content/uploads/2021/05/Cobbler-Luxlait-1-scaled.jpg'),
    ('DIY for Pretzelsunday alias "Bretzelsonndeg"', 'Makes 2 pretzels • Prep: 45min • Resting: 1h + 2h setting of the icing • Oven: 25min', 'https://www.luxlait.lu/wp-content/uploads/2021/03/Brezel-Hearts-scaled.jpg'),
    ('Finger Food for Afternoon Tea', 'Prep: 1h - Makes 35', 'https://www.luxlait.lu/wp-content/uploads/2021/02/Quarkbällchen-Luxlait-1-scaled.jpg'),
    ('100% local pasta gratin', 'Prep time: 15 min – Oven: 20 min', 'https://www.luxlait.lu/wp-content/uploads/2021/02/Gratin-Kachkéis-Packaging-scaled-e1612262276910.jpg'),
    ('The passion for truffles', 'Prep: 30 minutes • Oven: 20-25 minutes • Vegetarian', 'https://www.luxlait.lu/wp-content/uploads/2020/12/IMG-20201103-WA0001.jpg'),
    ('Time to bake', 'Prep: 1h 15 minutes • Cooling: 30 minutess • Oven: 10 minutes per batch', 'https://www.luxlait.lu/wp-content/uploads/2020/11/Luxembourg-Cookies-Luxlait_AF-scaled.jpg'),
    ('An ideal appetizer', 'Quick and easy recipe', 'https://www.luxlait.lu/wp-content/uploads/2020/10/KACHEN-2020-LUXLAIT-1-scaled.jpg');  
 
-- Ingredient SQL from autor @LuxKeis (Gamass Mihails)

CREATE TABLE tblIngredient(
    idIngredient INT NOT NULL AUTO_INCREMENT,
    dtMetricUnit VARCHAR(25) NOT NULL,
    dtIngredient VARCHAR(100) NOT NULL,
    fiRecipe INT NOT NULL,
    PRIMARY KEY (idIngredient),
    FOREIGN KEY (fiRecipe) REFERENCES tblRecipe (idRecipe) ON DELETE CASCADE ON UPDATE CASCADE
);

INSERT INTO tblIngredient (dtMetricUnit, dtIngredient, fiRecipe) VALUES
    ('1kg','firm potatoes', 1),
    ('2 tbsp','olive oil', 1),
    ('1/2 ts','salt', 1),
    ('1/2 ts','hot paprika (not smoked)', 1),
    ('1/2 ts','garlic powder', 1),
    ('1/4 ts','thin slices of bacon', 1),
    ('100g','pickles', 1),
    ('1/2','red onion', 1),
    ('200g','rolled oats', 2),
    ('4','eggs', 2),
    ('1 tbs','baking powder', 2),
    ('1 ts','salt', 2),
    ('2 tbs','olive oil (optional)', 2),
    ('1/2','red bell pepper', 3),
    ('1/2','orange bell pepper', 3),
    ('2','handfuls cherry tomatoes', 3),
    ('1','spring onion', 3),
    ('1/4 tsp','garlic powder', 3),
    ('1 pinch','salt & pepper', 3),
    ('2','wheat tortilla wraps', 3),
    ('2','handfuls arugula', 3),
    ('4','eggs', 3),
    ('2','cinnamon sticks', 4),
    ('10','cloves', 4),
    ('10','black peppercorns', 4),
    ('20','cardamon pods', 4),
    ('1','star anise', 4),
    ('350ml','of water', 4),
    ('2','black tea bags', 4),
    ('1 tsp.','of sugar', 4),
    ('500g','salmon fillet', 5),
    ('100gg','dill', 5),
    ('3','juniper berries', 5),
    ('1 tsp.','mustard seeds', 5),
    ('6','black peppercorns', 5),
    ('100g','de fleur de sel (coarse sel)', 5),
    ('70g','sugar', 5),
    ('2','yellow lemons', 5),
    ('90g','powdered sugar', 6),
    ('50ml','vegetable oil', 6),
    ('1','egg, room temperature', 6),
    ('300g','all-purpose flour', 6),
    ('20g','unsweetened cocoa powder', 6),
    ('1 tsp.','baking powder', 6),
    ('1 pinch','salt', 6),
    ('Spices','optional', 6),
    ('100g','flour', 7),
    ('1/4 c.à.c.','salt', 7),
    ('2 c.à.s.','sugar', 7),
    ('50g','butter', 7),
    ('2-3 c.à.s.','very cold water', 7),
    ('1 bottle','Crémant Rosé Brut Poll-Fabaire (750ml)', 8),
    ('125g','Sugar', 8),
    ('250ml','Water', 8),
    ('2','Envelopes of powdered gelatin (apprx. 12g/1L)', 8),
    ('10-15','Berries and/or edible Flowers', 8),
    ('1','Rosemary for garnish', 8),
    ('1 bottle','Poll-Fabaire Crémant de Luxembourg', 9),
    ('2','candy canes', 9),
    ('1 tbsp','powdered sugar', 9),
    ('1-2 tsp','milk', 9),
    ('1-2','sprigs of rosemary', 9),
    ('2cl','white Lillet', 10),
    ('1cl','green apple syrup', 10),
    ('5cl','cranberry juice', 10),
    ('8cl','Crémant de Luxembourg Rosé Brut Poll-Fabaire', 10),
    ('1cl','Opyos sloe gin', 11),
    ('1cl','Bissap hibiscus syrup', 11),
    ('2,5cl','Drauwejüs Domaines Vinsmoselle (grape juice)', 11),
    ('3','fresh mint leaves', 11),
    ('10cl','Crémant de Luxembourg Rosé Brut Poll-Fabaire', 11),
    ('100g','granulated sugar', 12),
    ('3 tbsp','cornstarch', 12),
    ('1 pinch','salt', 12),
    ('1/2 tsp','ground cinnamon', 12),
    ('4','egg yolks', 12),
    ('170g','Dark chocolate 70% cocoa', 13),
    ('3','Medium eggs at room temperature', 13),
    ('120g','Granulated sugar', 13),
    ('60g','Flour', 13),
    ('2 tbsp','Cocoa powder', 13),
    ('1 tsp','Vanilla powder or vanilla extract', 13),
    ('1/4 tsp','Salt', 13),
    ('60g','Chocolate chips', 13),
    ('50g','Sugar', 14),
    ('100g','Flower', 14),
    ('300g','Baked pumpkin', 15),
    ('3','Eggs', 15),
    ('150g','Sugar', 15),
    ('1','Pack of vanilla sugar', 15),
    ('100g','Flour', 15),
    ('1/2 tbsp','Baking powder', 15),
    ('1/2 tbsp','Baking soda', 15),
    ('1 pinch','Salt', 15),
    ('1 tbsp','Cinnamon', 15),
    ('1/2 tbsp','Nutmeg', 15),
    ('1/2 tbsp','Cloves', 15),
    ('1/2 tbsp','Ground ginger', 15),
    ('2 tbsp','sugar', 16),
    ('1 tbsp','honey', 16),
    ('100g','all purpose flour', 16),
    ('75g','almond powder', 16),
    ('1/2 tsp','cinnamon', 16),
    ('4','bread buns', 17),
    ('1','head of garlic', 17),
    ('4 tbs','olive oil', 17),
    ('','Salt, pepper', 17),
    ('2-3','sprigs of fresh thyme', 17),
    ('50g','chopped hazelnuts', 17),
    ('1 tbs','honey', 17),
    ('6','yellow onions', 18),
    ('500g','brown mushrooms', 18),
    ('2','cloves of garlic', 18),
    ('','Salt, pepper', 18),
    ('1','baguette', 18),
    ('1','handful of fresh parsley', 18),
    ('4','mini pumpkins', 19),
    ('1','onion', 19),
    ('2','shallots', 19),
    ('2','garlic cloves', 19),
    ('2','carrots', 19),
    ('3','celery stalks', 19),
    ('100g','pre-cooked wheat (e.g., Ebly)', 19),
    ('200ml','vegetable broth', 19),
    ('2','sprigs fresh rosemary', 19),
    ('2','sprigs fresh thyme', 19),
    ('50g','dried cranberries', 19),
    ('50g','pecans', 19),
    ('1/4 tsp','4-spice (or nutmeg)', 19),
    ('','Salt and pepper', 19),
    ('1','pear', 20),
    ('3 tbsp','hazelnuts', 20),
    ('2 tbsp','walnuts', 20),
    ('1','clove of garlic', 20),
    ('1','lemon, juice and zest', 20),
    ('4 tbsp','olive oil', 20),
    ('2,5 tbsp','honey', 20),
    ('1 tbsp','water', 20),
    ('4','handsful of rocket', 20),
    ('','salt and pepper', 20),
    ('','Bread of your choice', 20),
    ('3','large thin turkey fillets', 21),
    ('200g','cornflakes', 21),
    ('','Salt and pepper', 21),
    ('','Garlic powder', 21),
    ('','Smoked paprika', 21),
    ('','Herbs and spices', 21),
    ('1/4','seedless watermelon', 22),
    ('200g','strawberries', 22),
    ('125g','raspberries', 22),
    ('2','kiwis', 22),
    ('1/2','lime', 22),
    ('2 tsp','maple syrup or honey', 22),
    ('450g','fresh baby spinach', 23),
    ('4','eggs (at room temperature)', 23),
    ('100g','flour', 23),
    ('40ml','(vegetable) oil', 23),
    ('1/2 tsp','salt', 23),
    ('15g','baking powder', 23),
    ('2 tbsp','dried lavender blossoms', 24),
    ('1 handful','of blueberries', 24),
    ('2 tbsp','instant coffee', 24),
    ('2 tbsp','sugar', 24),
    ('2 tbsp','boiling water', 24),
    ('','Ice cubes', 24),
    ('300g','Berries, frozen or fresh (raspberries, blueberries, or strawberries)', 25),
    ('150g','dark chocolate', 25),
    ('1 tsp','of oil (coconut or vegetable)', 25),
    ('','Flaky sea salt', 25),
    ('1 tbsp','of honey or maple syrup (optional)', 25),
    ('1/2','ripe mango', 26),
    ('1','handful of ice cubes', 26),
    ('45ml','of white rum', 26),
    ('1/4','of a lime', 26),
    ('150g','salmon (sashimi quality), diced', 27),
    ('1','spring onion, cut into rings', 27),
    ('1 tsp','soy sauce', 27),
    ('1 tsp','Mirin', 27),
    ('1/2 tsp','sesame oil', 27),
    ('125g','icing butter', 28),
    ('1','egg (size M)', 28),
    ('330g','flour', 28),
    ('40g','almond powder', 28),
    ('5g','salt', 28),
    ('','zest of half a lemon', 28),
    ('4-5 tbsp','lemon juice', 29),
    ('200g','red and yellow cherry tomatoes', 30),
    ('2','cloves of garlic', 30),
    ('2 tbsp','of olive oil', 30),
    ('1','pinch of coarse salt', 30),
    ('1 tsp','dried oregano', 30),
    ('','Fresh herbs (rosemary, basil, oregano, thyme)', 30),
    ('','Zest of one organic lemon', 30),
    ('1/2','baguette', 30),
    ('120 g','dark chocolate (70%)', 31),
    ('2 tbsp','coconut sugar', 31),
    ('4 g','agar agar powder', 31),
    ('600g','flour for country-style bread', 32),
    ('20g','fresh yeast', 32),
    ('325ml','lukewarm water', 32),
    ('5g','fine salt', 32),
    ('','Kitchen twine', 32),
    ('','Candy eyes', 32),
    ('','Chocolate flavour writing icing', 32),
    ('','Salt, pepper', 32),
    ('','Chives', 32),
    ('300g','all-purpose flour', 33),
    ('4g','instant dry yeast', 33),
    ('1','egg, at room temperature', 33),
    ('30g','granulated sugar', 33),
    ('1/2 tsp','salt', 33),
    ('3 tbsp','tomato paste', 34),
    ('1 tbsp','dried oregano', 34),
    ('2','sheets puff pastry', 34),
    ('8','slices of ham', 34),
    ('100 g','mozzarella, drained and cut into pieces', 34),
    ('50 g','sundried tomatoes in oil', 34),
    ('50 g','cherry tomatoes, halved', 34),
    ('25 g','pitted black olives, halved', 34),
    ('','Rocket to garnish', 34),
    ('','Salt and pepper', 34),
    ('1','egg', 35),
    ('2 tbsp','sugar', 35),
    ('150 g','flour', 35),
    ('1','pinch of salt', 35),
    ('1,5 tsp','baking powder', 35),
    ('0,5 tsp','ground cinnamon', 35),
    ('2 large','apples', 35),
    ('150g','sifted flour', 36),
    ('30g','sugar', 36),
    ('3 tbsp','vanilla sugar', 36),
    ('2','eggs', 36),
    ('1','pinch of salt', 36),
    ('','oil for baking', 36),
    ('','cut fruit', 36),
    ('','sugar sprinkles', 36),
    ('120 g','thin rolled oats', 37),
    ('120 ml','freshly brewed coffee', 37),
    ('2 drops','almond extract', 37),
    ('1 tbsp','maple syrup', 37),
    ('1 tbsp','unsweetened cocoa powder', 37),
    ('30g','raisins', 38),
    ('15g','candied orange peel', 38),
    ('25ml','rum', 38),
    ('50g','speculoos cookies + extra for serving', 38),
    ('1 1/2','avocado', 39),
    ('','Zest of 1/2 lime', 39),
    ('2 tbsp','coriander, chopped', 39),
    ('1/2 tsp','smoked paprika powder', 39),
    ('1/4','chili, chopped', 39),
    ('150g','crayfish', 39),
    ('1','squeeze of lime juice', 39),
    ('','Salt and pepper', 39),
    ('','Trout eggs, to decorate', 39),
    ('4','sandwich bread slices', 39),
    ('50g','smoked bacon lardons, chopped', 40),
    ('1','spring onion, chopped', 40),
    ('125g','flour', 40),
    ('1/4','salt', 40),
    ('1 tsp','baking powder', 40),
    ('1/4 tsp','bicarb of soda', 40),
    ('40g','parmesan, grated', 40),
    ('1','egg', 40),
    ('40g','mustard', 40),
    ('','salt', 40),
    ('','white pepper', 40),
    ('','chives, chopped', 40),
    ('1','pomegranate', 41),
    ('3 tbsp','honey', 41),
    ('','A few walnuts', 41),
    ('','A few sprigs of fresh thyme', 41),
    ('2','sheets of puff pastry', 41),
    ('1','egg, beaten', 41),
    ('4','large floury potatoes', 42),
    ('2 tbsp','olive oil', 42),
    ('20g','chives + some more for serving', 42),
    ('1/2 tsp','salt', 42),
    ('8','slices of bacon', 42),
    ('','pepper', 42),
    ('1,5 tsp','pumpkin spice*', 43),
    ('25ml','rum', 43),
    ('25g','icing sugar', 43),
    ('1','pinch of grated tonka bean', 43),
    ('1 tbsp','honey', 43),
    ('','Sprinkles', 43),
    ('','Mini marshmallows', 43),
    ('150g','spekulatius cookies', 44),
    ('1,5 tsp','cinnamon', 44),
    ('4','peppers', 45),
    ('120g','couscous', 45),
    ('200ml','vegetable stock, hot', 45),
    ('1','onion', 45),
    ('20g','pumpkin seeds', 45),
    ('20g','basil', 45),
    ('25g','parmesan, grated', 45),
    ('1','small garlic clove, peeled + crushed', 45),
    ('40ml','olive oil', 45),
    ('','salt and pepper', 45),
    ('1/2','cucumber', 46),
    ('80ml','white wine vinegar', 46),
    ('20ml','water', 46),
    ('1 tsp','salt', 46),
    ('3 tsp','sugar', 46),
    ('5','black peppercorns', 46),
    ('1 tbsp','dill, chopped', 46),
    ('2','small butternut squashes', 47),
    ('2','red onions', 47),
    ('300g','bacon', 47),
    ('60g','hazelnuts', 47),
    ('200g','cooked chestnuts', 47),
    ('','olive oil', 47),
    ('1','salt & pepper', 47),
    ('270 g','flour', 48),
    ('60 g','sugar + extra for sprinkling', 48),
    ('½ tsp','salt', 48),
    ('2 tsp','baking powder', 48),
    ('¼ tsp','baking soda', 48),
    ('1 ½ ctsp','vanilla extract', 48),
    ('150 g','fresh or frozen blueberries (unthawed)', 48),
    ('8 slices','of toast', 49),
    ('8 slices','of prosciutto arrosto', 49),
    ('100g','cheddar in slices', 49),
    ('1 tbsp','mustard', 49),
    ('260g','Marshmallows', 50),
    ('45g','dried cranberries, roughly chopped', 50),
    ('45g','dried mango slices, roughly chopped', 50),
    ('120g','rice crispies', 50),
    ('4x150g','skinless salmon filets', 51),
    ('1 tbsp','honey', 51),
    ('2','lemons', 51),
    ('8','skewers', 51),
    ('200g','fine bulgur wheat', 51),
    ('1','cucumber', 51),
    ('200g','cherry tomatoes', 51),
    ('40g','parsley', 51),
    ('20g','mint', 51),
    ('','lemon juice, to taste', 51),
    ('','salt and pepper', 51),
    ('','lemon wedges, to serve', 51),
    ('100g','small green asparagus', 52),
    ('20g','pine nuts', 52),
    ('1','egg', 52),
    ('20g','breadcrumbs', 52),
    ('','vegetable oil, for frying', 52),
    ('125g','mixed salad leaves', 52),
    ('1 handful','of basil leaves, chopped', 52),
    ('2x 50g','raspberries', 52),
    ('2 tbsp','balsamic vinegar', 52),
    ('3 tbsp','olive oil', 52),
    ('1 tbsp','honey', 52),
    ('1 tbsp','water', 52),
    ('','salt and pepper', 52),
    ('200g','flour', 53),
    ('75g','caster sugar', 53),
    ('A dash of','fleur de sel', 53),
    ('2','eggs', 54),
    ('85 g','de sucre', 54),
    ('1 tsp','vanilla sugar', 54),
    ('1 tsp','vanilla extract', 54),
    ('85 g','flour', 54),
    ('1 pinch','of salt', 54),
    ('1','onion', 55),
    ('100g','smoked bacon lardons', 55),
    ('2','eggs', 55),
    ('1/4 tsp','salt', 55),
    ('1','ready-to-roll shortcrust pastry', 55),
    ('','Pepper', 55),
    ('2 tbsp','cocoa powder', 56),
    ('140g','dark or milk chocolate', 56),
    ('4','eggs', 56),
    ('140g','sugar', 56),
    ('1 tsp','vanilla extract', 56),
    ('50g','flour', 56),
    ('1 pinch','of salt', 56),
    ('6','eggs', 57),
    ('1','pinch salt', 57),
    ('250g','sugar + 1,5 tbsp', 57),
    ('1','sachet vanilla sugar', 57),
    ('6,5 tbsp','rum', 57),
    ('200 g','flour', 57),
    ('50 g','cornstarch', 57),
    ('2 tsp','baking powder', 57),
    ('75 ml','water', 57),
    ('4 tbsp','apricot jam', 57),
    ('320g','salmon ﬁllet, skinned', 58),
    ('8','sole ﬁllets, skinned', 58),
    ('1','bunch tarragon', 58),
    ('1','bay leaf', 58),
    ('5','peppercorns', 58),
    ('75ml','white wine', 58),
    ('','salt and pepper', 58),
    ('240g','basmati rice', 58),
    ('360ml','water', 58),
    ('500g','spinach leaves', 58),
    ('1','onion', 58),
    ('1','garlic clove', 58),
    ('1','onion', 59),
    ('400g','French beans', 59),
    ('1','large potato', 59),
    ('2 tbsp','flour', 59),
    ('1.5l','vegetable stock, hot', 59),
    ('1','bay leaf', 59),
    ('1 tsp','summer savoury', 59),
    ('2','Mettwurscht sausages', 59),
    ('500g','T55 flour + extra', 60),
    ('100g','oat flakes', 60),
    ('150g','mixed seeds', 60),
    ('1 tsp','bicarbonate of soda', 60),
    ('1 tsp','salt', 60),
    ('800 g','chicken breasts, skinless', 61),
    ('300g','cornflakes, crushed', 61),
    ('3 tbsp','flour', 61),
    ('','Vegetable oil', 61),
    ('','Salt, pepper', 61),
    ('125ml','soy sauce', 61),
    ('3 tbsp','honey', 61),
    ('2 tbsp','gochujang (or red chilli paste)', 61),
    ('3 cm','fresh ginger, grated', 61),
    ('2 tbsp','sesame oil', 61),
    ('2 tbsp','rice vinegar', 61),
    ('3','garlic cloves, grated', 61),
    ('','Sesame seeds and spring onions, to serve', 61),
    ('1','egg', 62),
    ('2 tbsp','sugar', 62),
    ('a pinch of','cinnamon', 62),
    ('8','crustless white sandwich bread slices', 62),
    ('8 tbsp','chocolate spread', 62),
    ('25g','icing sugar + extra to serve', 62),
    ('1 tbsp','Amaretto (optional)', 62),
    ('','raspberries, to serve', 62),
    ('500g','floury potatoes', 63),
    ('2','leek', 63),
    ('600g','chicken breast', 63),
    ('200g','frozen peas', 63),
    ('2 tbsp','vegetable oil', 63),
    ('100g','smoked bacon lardons', 63),
    ('1','garlic clove', 63),
    ('50g','flour', 63),
    ('100ml','white wine', 63),
    ('1 tbsp','wholegrain mustard', 63),
    ('1 tbsp','smooth mustard', 63),
    ('','salt and pepper', 63),
    ('4','thin veal escalopes', 64),
    ('4 slices','cooked ham', 64),
    ('500g','mushrooms, sliced', 64),
    ('2','garlic cloves, crushed', 64),
    ('150ml','white wine', 64),
    ('2 tsp','cornstarch', 64),
    ('15g','panko breadcrumbs', 64),
    ('','parsley, chopped', 64),
    ('','salt and pepper', 64),
    ('250 g','Gruyère cheese, grated', 65),
    ('100 ml','white wine', 65),
    ('2','garlic cloves', 65),
    ('2 tbsp','cornstarch', 65),
    ('50 ml','Kirsch', 65),
    ('1 ½','baguette', 65),
    ('4 ½ tbsp','wholegrain mustard', 65),
    ('4 ½ tbsp','smooth mustard', 65),
    ('3 tbsp','water', 65),
    ('3','leeks', 66),
    ('600 g','floury potatoes', 66),
    ('2','garlic cloves', 66),
    ('450 ml','white wine', 66),
    ('1,2 l','vegetable or chicken stock', 66),
    ('','salt and pepper', 66),
    ('250 g','old bread', 66),
    ('2 tbsp','smooth mustard', 66),
    ('2 tbsp','wholegrain mustard', 66),
    ('','Chives or parsley, chopped', 66),
    ('','A bit of Luxlait cream', 66),
    ('6','old croissants', 67),
    ('12 tbsp','raspberry jam', 67),
    ('1 tsp','vanilla extract', 67),
    ('2','eggs', 67),
    ('40 g','sugar', 67),
    ('4 tbsp','Amaretto (optional)', 67),
    ('1 tbsp','almonds flakes', 67),
    ('1','pinch icing sugar', 67),
    ('','raspberries', 67),
    ('4','sheets of gelatin', 68),
    ('6','Spekulatius cookies', 68),
    ('200 ml','white wine', 69),
    ('2','garlic cloves', 69),
    ('300 g','Gruyère cheese, grated pepper', 69),
    ('3 tbsp','cornstarch', 69),
    ('70 ml','Kirsch', 69),
    ('375 g','flour', 70),
    ('3','eggs', 70),
    ('½ tsp','salt', 70),
    ('1','pinch of pepper', 70),
    ('200 ml','white wine', 70),
    ('8 tsp','mustard', 70),
    ('8 tsp','cornstarch', 70),
    ('90 g','rocket', 70),
    ('4 tbsp','walnuts, chopped', 70),
    ('','sprinkles, to decorate', 71),
    ('30 g','frozen broad beans, shelled', 72),
    ('30 g','frozen peas', 72),
    ('1','spring onion', 72),
    ('2','Luxembourgish cooked smoked ham', 72),
    ('3','eggs', 72),
    ('½ tsp','summer savoury (sarriette/Bounekräitchen)', 72),
    ('¼ tsp','salt', 72),
    ('1','pinch of pepper', 72),
    ('4','tortillas wraps', 72),
    ('350 g','rhubarb', 73),
    ('400 g','strawberries', 73),
    ('110 g','sugar', 73),
    ('1','tonka bean or vanilla bean', 73),
    ('125 g','flour', 73),
    ('1 tsp','baking powder', 73),
    ('60 g','sugar', 73),
    ('½ tsp','salt', 73),
    ('20 g','oat flakes', 73),
    ('1 tsp','vanilla extract', 73),
    ('*','flaked almonds, to sprinkle', 73),
    ('25 g','fresh yeast', 74),
    ('500 g','bread flour (T65)', 74),
    ('40 g','sugar', 74),
    ('¾ tsp','salt', 74),
    ('1','egg', 74),
    ('75g','sugar', 75),
    ('2 tbsp','vanilla sugar', 75),
    ('1 tbsp','vanilla extract', 75),
    ('3','eggs', 75),
    ('1 tbsp','baking powder', 75),
    ('250g','flour', 75),
    ('¼ tsp','salt', 75),
    ('2l','oil, for frying', 75),
    ('400 g','Le Moulin macaroni', 76),
    ('2 tsp','mustard', 76),
    ('100 g','grated Mozzarella', 76),
    ('2 tsp','Le Moulin sauce flour', 76),
    ('1','pinch of salt', 76),
    ('65 ml','water', 77),
    ('¼ tsp','truffle oil', 77),
    ('¼ tsp','salt', 77),
    ('70 g','flour', 77),
    ('2','eggs', 77),
    ('1','pinch of pepper', 77),
    ('140 g','icing sugar', 78),
    ('1 tbsp','vanilla sugar', 78),
    ('1','vanilla bean', 78),
    ('1','egg', 78),
    ('375 g','flour', 78),
    ('1','pinch of salt', 78),
    ('150g','flour', 79),
    ('100g','smoked salmon', 79),
    ('2','eggs', 79),
    ('2','eggs yolks', 79),
    ('1','salt & pepper', 79),
    ('1','silicone mould for mini cannelés', 79);
 
 
-- Recipe steps SQL from autor @LuxKeis (Gamass Mihails)

CREATE TABLE tblRecipeStep(
    idRecipeStep INT NOT NULL AUTO_INCREMENT,
    dtStep VARCHAR(800) NOT NULL,
    fiRecipe INT NOT NULL,
    PRIMARY KEY (idRecipeStep),
    FOREIGN KEY (fiRecipe) REFERENCES tblRecipe (idRecipe) ON DELETE CASCADE ON UPDATE CASCADE
);

INSERT INTO tblRecipeStep (dtStep, fiRecipe) VALUES
    ('Preheat the oven to 200°C.', 1),
    ('Peel potatoes. Cut into 1 cm-thick slices. Then cut them into fries with a straight-edged knife or a crinkle cutter.', 1),
    ('Place the fries in a large mixing bowl with the olive oil, salt, paprika and garlic powder. Mox until evenly covered.', 1),
    ('Place the fries on 2 parchment-lined baking sheets and leave 1 to 2 cm of space between them to ensure crispness.', 1),
    ('Bake for 30 minutes (fan-assisted heat).', 1),
    ('Meanwhile, cook the bacon in a hot frying pan. Leave to cool. Cut bacon, pickles, and red onion into small cubes.', 1),
    ('In a bowl, mix the heavy cream with the milk, pickle juice, chives, parsley, dill, garlic powder, salt and pepper.', 1),
    ('Once the fries are cooked, melt the Kachkéis with the milk in a saucepan.', 1),
    ('Place half the fries in a baking dish or plate. Top with cream sauce, bacon, pickles and red onion. Drizzle half the melted Kachkéis on top. Cover with a second layer of fries and repeat.', 1),
    ('Place the cottage cheese, rolled oats, eggs, baking powder, salt and olive oil into the blender or food processor.', 2),
    ('Blend until the mixture is smooth.', 2),
    ('Pour the bread mixture into the prepared pan (lined with baking paper).', 2),
    ('Preheat the oven to 180°C. Bake for 60 - 70 minutes, depending on your oven. If the top starts getting too dark, cover it with loosely with a foil for the last 15 minutes.', 2),
    ('Let the loaf cool for at least 15 minutes in the pan. Take it out of the pan and place it on a cooling rack. Cool it completely before cutting to serve.', 2),
    ('In case of a larger pan size, simply ad 50% of all ingredients.', 2),
    ('Core the bell peppers and cut them into small dice. Finely dice the tomatoes. Slice the green part of the spring onion.', 3),
    ('Beat the eggs in a large bowl. Season with garlic powder, salt, and pepper. Add in the veggies.', 3),
    ('Heat a pan with a little butter. Add in half of the omelette mixture and cook for several minutes over medium heat. Once it starts to set, cover with 4 slices of Emmental cheese and a tortilla wrap. Flip the omelette and cook for another minute. Garnish with fresh arugula and fold the omelette wrap in half.', 3),
    ('Repeat with the rest of the omelette mixture.', 3),
    ('Dry-roast the spices in a saucepan over medium-high heat for 2-3 minutes until fragrant.', 4),
    ('Add in the water and simmer for 10 minutes over medium heat.', 4),
    ('Add in the tea bags and sugar and simmer for 5-10 minutes.', 4),
    ('Strain the chai concentrate. Let it cool down.', 4),
    ('Fill a cocktail shaker or lidded jar with ice cubes. Add in the chaï concentrate and shake until cold. Pour into a cocktail glass.', 4),
    ('Add the heavy cream, vanilla extract, and fresh ice cubes to the cocktail shaker or lidded jar. Shake until frothy. Pour into the glass.', 4),
    ('Serve with a dash of cinnamon and nutmeg and garnish with a star anise.', 4),
    ('Combine the fleur de sel, sugar, lemon zest, peppercorns, juniper berries and mustard seeds.', 5),
    ('Spread cling film over the work surface.', 5),
    ('Sprinkle the cling film with half the spice mixture.', 5),
    ('Place the salmon fillet in the spice mixture.', 5),
    ('Sprinkle with the rest of the mixture.', 5),
    ('Wrap well in cling film and keep in a cool place for at least 24 hours (depends on the thickness of the salmon fillet).', 5),
    ('Rinse the marinated salmon fillet under cold water.', 5),
    ('Pat dry with kitchen roll.', 5),
    ('Finely chop the dill and place on top of the marinated salmon fillet.', 5),
    ('Emballer de film plastique et garder au frais pendant 2 heures.', 5),
    ('Wrap in cling film and chill for 2 hours. Wrap in cling film and chill for 2 hours.', 5),
    ('Whisk together the egg white, flour, butter and salt in a bowl.', 5),
    ('Spread the mixture out on a baking sheet and bake at 170 degrees until lightly brown.', 5),
    ('After cooling, break the crisp into the desired size or shape.', 5),
    ('Season the Luxlait double cream with salt and pepper. Place in small dots around the plate.', 5),
    ('Mix the EHTL olive oil with the fresh lemon juice and serve on top of the whole dish.', 5),
    ('Serve on a long plate. Garnish and top with a generous scoop or quenelle of Luxlait Crémant Rosé sorbet. Add the optional ingredients to the fish.', 5),
    ('Sift together flour, baking powder and cocoa, set aside.', 6),
    ('In a mixing bowl, beat the butter with the powdered sugar and a pinch of salt. Add oil and mix until light, about 3-4 minutes. Add the egg. Mix until combined.', 6),
    ('Add the sifted dry ingredients in 2 steps and beat just until combined. Add spices (ground cinnamon, cloves, nutmeg, ginger - optional) and mix into a homogeneous mixture. Take care not to over-knead the dough.', 6),
    ('Wrap the dough in a cling foil and refrigerate for 30 minutes.', 6),
    ('Pinch off small pieces of the dough (about 40 g) and form balls with the palms of your hands. Form a cone shape, place them on a baking tray lined up with a baking paper and flatten slightly.', 6),
    ('Make diagonal cuts using a sharp knife on the top of the cookie cones.', 6),
    ('Put the baking tray with the formed cookies in a refrigerator for about 15 minutes, while you heat the oven.', 6),
    ('Bake the cookies in a preheated oven at 180°C for about 15 minutes. Baking time depends on your oven.', 6),
    ('Cool the cookies and dust with powdered sugar. Or add your favorite spread and make cookie sandwiches.', 6),
    ('Prepare the pie dough. In a large bowl, combine the flour, salt, and sugar. Add the cold, diced butter and use your fingers to mix until the mixture resembles sand. Gradually add water, one tablespoon at a time, and mix until a dough ball forms. Wrap the dough in cling film and refrigerate for 1 hour.', 7),
    ('Preheat the oven to 180°C.', 7),
    ('Divide the chilled dough into 4 equal pieces. Work each ball briefly by hand and roll it out between two sheets of baking paper.', 7),
    ('Place the rolled-out dough in buttered tartlet pans, trim the edges, and prick the bottom with a fork.', 7),
    ('Prepare the raspberry mixture. Using a spatula, cream together the softened butter and egg until well combined. Stir in the almond flour, sugar, and frozen raspberries until the mixture turns bright pink.', 7),
    ('Spoon the raspberry mixture into the center of each tartlet and spread evenly.', 7),
    ('Cut the pears in half and remove the seeds with a spoon. Cut thin slices without slicing all the way through the top.', 7),
    ('Arrange the pears on top of the tartlets.', 7),
    ('Bake for 35 minutes at 180°C (fan-assisted)', 7),
    ('Allow the tartlets to cool briefly, then unmold them. Serve the tartlets with a scoop of Crémant sorbet.', 7),
    ('In a small bowl, mix the gelatin with the water and set aside for 5 minutes to soften.', 8),
    ('Pour the Crémant into the saucepan with the sugar and bring it to the boil, stirring until the sugar has dissolved.', 8),
    ('Remove the saucepan from the heat and stir in the softened gelatin to dissolve it. Set the jelly aside to cool to room temperature.', 8),
    ('If serving the jelly without berries, pour all the jelly mixture into the mold.', 8),
    ('If adding embellishments (berries, edible flowers, rosemary branches etc.) pour half of the mixture into the mold with the embellishments and refrigerate until almost set (20-30 min). Then arrange the rest of the embellishments and add the remaining jelly mixture. Refrigerate until fully set, at least 8 hours or ideally overnight.', 8),
    ('To unmold, fill hot water into the sink, dip the bottom of the mold into it to loosen the jelly. Place the serving plate on top and flip the mold.', 8),
    ('Using a hot knife, cut the jelly into slices. Serve with a scoop of Crémant Sorbet and garnish with a sprig of rosemary and some berries.', 8),
    ('Place one candy cane in a plastic bag and crush it with a rolling pin. Pour it into a shallow bowl.', 9),
    ('Mix powdered sugar with a few drops of milk to get a thick mixture. Run the rim of a champagne glass through the powdered sugar mixture and then through the crushed candy cane.', 9),
    ('Place one big scoop of Crémant Sorbet into the glass. Pour the Crémant over the sorbet. Garnish with a spring of rosemary and one candy cane.', 9),
    ('Using a blender, add the various ingredients and mix them. Serve in a glass with ice cubes and enjoy.', 10),
    ('Using a blender, add the various ingredients and mix them. Serve in a glass with ice cubes and enjoy.', 11),
    ('Place the sugar, cornstarch, salt and cinnamon in a medium-sized pan. With a whisk, stir in the eggnog and egg yolks until combined.', 12),
    ('Whisk constantly on a medium heat until the mixture has thickened and coats the back of a spoon (about 5–8 minutes).', 12),
    ('Pour the pudding mixture into a medium-sized bowl, and cover with cling-film, ensuring it touches the surface of the pudding to prevent a skin from forming. Refrigerate until set (3 hours).', 12),
    ('Whip the heavy cream with the sugar, until stiff peaks form.', 12),
    ('Crumble half a packet of the LUXLAIT biscuits into the bottom of a trifle bowl or a large glass bowl.', 12),
    ('Spread half of the eggnog pudding on top, followed by half of the whipped cream on top of the pudding. Repeat the layers with some more of the biscuits, the rest of the pudding and the whipped cream.', 12),
    ('Refrigerate for 6 hours or overnight. Top with the pomegranate arils and decorate with one or more biscuits before serving.', 12),
    ('Preheat the oven to 180°C.', 13),
    ('Melt the chocolate and butter in a double boiler or a saucepan over low heat.', 13),
    ('In a large bowl, beat the eggs with the sugar for 2 minutes until frothy, using an electric mixer.', 13),
    ('Fold in the melted  chocolate and butter mixture.', 13),
    ('Sift in the flour and cocoa powder. Add in the vanilla powder and salt. Mix well. Finally stir in the chocolate chips.', 13),
    ('Pour the brownie batter into a greased baking pan (20x20 cm). Bake for 20 minutes at 180°C fan.', 13),
    ('Meanwhile, melt the dark and milk chocolate in a double boiler or a saucepan over low heat. Remove from the heat and stir in the Greek yogurt. Let the frosting cool in the fridge.', 13),
    ('Once cooked, remove the brownies from the oven and allow to cool completely. Cut into 6 rectangles and cover with icing. Decorate with pretzels, smarties, and sugar eyes to form reindeers.', 13),
    ('Place the butter and sugar in a bowl.', 14),
    ('Mix with fingertips or spatula until smooth.', 14),
    ('Add the flour.', 14),
    ('Mix to a Streusel consistency.', 14),
    ('Wash the plums. Cut the plums in half. Remove the stone. Cut the plums into even pieces.', 14),
    ('Heat a bit of butter in a frying pan.', 14),
    ('Sprinkle with a bit of sugar.', 14),
    ('Lightly caramelise the plums, but make sure they do not overcook.', 14),
    ('Arrange the plums on a plate.Sprinkle some of the crumble on top.', 14),
    ('Bake at 180°C until crumble is golden brown.', 14),
    ('Garnish with a few mint leaves.', 14),
    ('Prepare small quenelles of sorbet and place them on top of the warm crumble.', 14),
    ('Wash and cut the pumpkin. Place it in a baking tray lined with baking paper, and cover it with aluminum foil. Bake for an hour at 200°C. Keep in mind that the pumpkin needs to be peeled after baking so always bake more.', 15),
    ('Mix the baked pumpkin in the blender, together with the eggnog, in order to get a fine pumpkin puree.', 15),
    ('In a mixing bowl, beat the eggs and sugar together until pale, thick and fluffy, for about 5-7 minutes on a high speed setting. Add the pumpkin puree and whisk briefly until combined. In a separate bowl, sift together the flour, baking powder, baking soda, salt and spices. Add the dry ingredients to the egg mixture and mix well with a spatula for about 15-30 seconds until no flour clumps remain. The final batter will be smooth in texture.', 15),
    ('Rub a baking sheet with butter and cover it with a baking paper - press the baking paper down firmly. Spread the batter evenly on the baking tray. Tap the tray a few times on the counter to get rid of any trapped air bubbles. Bake the cake in the preheated oven at 180°C for 12 minutes.  Remove the cake from the oven. Let it cool for about 2 minutes.', 15),
    ('Lay out a new baking paper on a work surface and sprinkle with powdered sugar. Place the baked sponge upside down on it. Peel the upper baking paper from the cake. Sprinkle the top of the sponge cake with powdered sugar as well and roll it up from the shorter side along with the bottom baking paper. Let the cake cool completely.', 15),
    ('Meanwhile, make the filling. Beat the cold whipped cream in a mixing bowl until soft peaks form. Add powdered sugar and whip the cream until stiff. Add eggnog 1 tablespoon at a time, slowly. Be careful not to over whip.', 15),
    ('Once the cake is cool, carefully unroll it. Spread the filling over the top of the cake, leaving an edge at the end. Starting at the narrow end, re-roll the cake. Refrigerate overnight. When ready, place the cake on a serving plate and sprinkle it with some more powdered sugar.', 15),
    ('Serve with a glass of cold eggnog.', 15),
    ('Beat the butter and sugar with an electric mixer.', 16),
    ('Pour in the honey and eggnog. Beat briefly.', 16),
    ('Add in the flour, almond powder and cinnamon. Mix with a spatula or your hands and form into a ball.', 16),
    ('Cut the dough in half and wrap each disk in cling film. Refrigerate for 1 hour.', 16),
    ('Preheat the oven to 180°C.', 16),
    ('Roll out the first disc of dough until 0,5 cm thick.', 16),
    ('Cut out cookies using a cookie cutter. Place them on a baking sheet lined with parchment paper.', 16),
    ('Bake for 7 to 9 minutes, until golden brown. Repeat the process with the second disc of dough. Let the cookies cool down completely.', 16),
    ('Mix the powdered sugar with the eggnog until you have a fairly thick but drizzly glaze. Add more eggnog if needed.', 16),
    ('Dip each cookie, golden side down, into the glaze. Allow to harden.', 16),
    ('Preheat the oven to 180°C.', 17),
    ('Cut out holes at the center of the bread buns that are big enough to hold the brie cheese. Score the rest of the bread vertically to easily break off bread pieces after baking.', 17),
    ('Unwrap the brie cheeses and cut them in half. Place one half at the center of each bun.', 17),
    ('Cut off the top of the garlic head. Place the buns and garlic in a baking dish. Drizzle with olive oil and sprinkle sea salt on top.', 17),
    ('Cover with aluminum foil and bake at 180°C (fan) for 25 minutes.', 17),
    ('Remove the aluminum foil and add the hazelnuts onto the baking sheet. Bake for 10 more minutes.', 17),
    ('Press the garlic cloves out of their skins. Mash them with a fork and combine with olive oil.', 17),
    ('Brush the cheese with the garlic oil. Add freshly cracked black pepper and a drizzle of honey. Top with the roasted hazelnuts and fresh thyme. Serve warm.', 17),
    ('Finely slice the onions.', 18),
    ('Add them to a hot pan with half the butter. Let them cook over medium heat for 30 minutes until golden and caramelized. Stir regularly.', 18),
    ('Clean the mushrooms with a soft brush or wet paper towels. Cut them into 0.5 cm slices. Mince the garlic cloves.', 18),
    ('Heat a pan with the rest of the butter. Sauté the garlic over medium-high heat.', 18),
    ('Add in the mushrooms. Sauté for 2-3 minutes without stirring until they turn golden brown. Then, reduce the heat and cook for 7-10 minutes until soft. Season with salt and pepper.', 18),
    ('Cut the baguette into slices and toast them in a toaster. Spread a generous amount of Kachkéis on top.', 18),
    ('Then, load the toasts with sautéed mushrooms and caramelized onions. Finish them off with some fresh parsley.', 18),
    ('Preheat the oven to 180°C fan.', 19),
    ('Cut off the heads of the pumpkins and remove the seeds with a spoon. Scoop out some of the flesh.', 19),
    ('Place the pumpkins on a baking tray (with the tops) and bake for 35 minutes.', 19),
    ('Cook the wheat according to package directions.', 19),
    ('Mince the onion, shallots, and garlic. Peel the carrots. Finely dice the carrots and celery. Chop the pumpkin flesh.', 19),
    ('Melt the butter in a pan. Sauté the onions, shallots, and garlic until fragrant.', 19),
    ('Add in the carrots, celery, and pumpkin flesh. Sauté over medium-high heat for a few minutes.', 19),
    ('Add the wheat and vegetable broth and cover with a lid. Reduce heat to medium-low and cook for 15 minutes until most of the broth has been absorbed.', 19),
    ('Stir in the heavy cream, rosemary, thyme, cranberries, and pecan. Season with 4-spice, salt, and pepper. Mix well.', 19),
    ('Fill the pumpkins with the mixture and garnish with thyme.', 19),
    ('Wash the pear and cut it in half. Remove the core and  the seeds and slice thinly.', 20),
    ('Roughly chop the hazelnuts and walnuts. Grate  the zest of the lemon and then juice the lemon.  Finely chop the clove of garlic.', 20),
    ('In a small saucepan, over a medium heat, add all  the nuts and the olive oil. Cook until they are slightly brown.', 20),
    ('Add the garlic and cook until it begins to brown.  Then add the lemon zest and juice, honey, water,  and salt (to taste). Mix and cook until it boils,  then cook for another minute. Remove from the heat.  It should be the consistency of a dressing, but not too liquid.', 20),
    ('On a plate, spread a layer of cottage cheese, then  top with rocket and the sliced pear. Drizzle the hot  dressing with the nuts over the salad and season with  salt and pepper. Serve immediately with some bread.', 20),
    ('Place the turkey fillet in a bowl. Season with salt, pepper, garlic powder and smoked paprika.', 21),
    ('Coat with Greek yoghurt on all sides.', 21),
    ('Repeat with all remaining fillets.', 21),
    ('Cover the bowl with cling foil and place it in the fridge for about 1 hour.', 21),
    ('Put the cornflakes into a ziplock and crush with a rolling pin. Add herbs and spices into the crushed cornflakes (salt, pepper, cumin, oregano, thyme, chicken mix, or any another spices you prefer)!', 21),
    ('Transfer to a shallow dish.', 21),
    ('Press each piece of marinated turkey into the crumb mixture, making sure it’s evenly coated all over. Then place on the baking sheet.', 21),
    ('Put the baking pan into a preheated oven and bake for 25 minutes on 200°C.', 21),
    ('Serve warm or at room temperature with yogurt dip.', 21),
    ('Wash the strawberries and raspberries. Cut the watermelon into small cubes.', 22),
    ('Add the strawberry yoghurt, watermelon cubes, strawberries, and raspberries to a blender and blend until smooth.', 22),
    ('Fill the popsicle molds up to ¾ full with the strawberry mixture.', 22),
    ('Add a thin layer of Greek yoghurt on top.', 22),
    ('Peel the kiwis. Add them to a blender with the lime juice and sweetener of choice. Blend shortly to avoid crushing the kiwi seeds too much. Optionally run the mixture through a sieve to remove the kiwi seeds.', 22),
    ('Fill the rest of the popsicle molds with the kiwi mixture and add your popsicle sticks.', 22),
    ('Freeze until solid.', 22),
    ('Blanch the fresh spinach in a pot of salted water for about 2-3 minutes. Strain the spinach, let it cool slightly, drain well and chop into small pieces.', 23),
    ('Separate the egg yolks from the egg whites and beat the egg whites with 1/2 tsp of salt until stiff peaks form.', 23),
    ('In a separate bowl mix well the spinach, egg yolks, yogurt and vegetable oil.', 23),
    ('Gently combine the egg whites with the spinach mix using a spatula. Keep the dough as airy as possible.', 23),
    ('Gently combine the egg whites with the spinach mix using a spatula. Keep the dough as airy as possible.', 23),
    ('Preheat the oven to 180°C. Cover the baking tray with parchment paper. Spread the mixture evenly on it. Bake for about 17 minutes (depending on your oven). The dough still needs to be soft and fluffy when removed from the oven, if it’s too dry it will crack during the rolling process.', 23),
    ('Take the dough out of the oven, let it rest for a moment and roll it in a wet cloth or a towel (together with the parchment paper). Leave it like that until it cools down completely.', 23),
    ('To prepare the filling, put cream cheese, cottage cheese, salt and dill in a bowl and mix them into a homogeneous cream.', 23),
    ('After the dough has cooled down, unroll it. Spread the cheese filling over the entire surface and place the smoked salmon on top. Roll it as tightly as possible, wrap it in a cling foil and put it in the refrigerator for at least 2 hours.', 23),
    ('Steep the milk with the lavender blossoms and blueberries in a saucepan over low heat for 10 minutes with a lid on. Mash the blueberries with a spoon or a fork to release their purple color or blend everything for 15 seconds.', 24),
    ('Strain the milk through a fine-mesh sieve.', 24),
    ('Add the instant coffee powder, sugar and warm water to a bowl. Whisk until it lightens and forms a thick coffee cream.', 24),
    ('Whip the heavy cream (optional).', 24),
    ('Fill a glass with ice cubes and pour the blueberry lavender milk on top. Add the whipped cream, then the coffee cream and give it a good stir.', 24),
    ('Mix yogurt and berries in a bowl. Optionally for a sweeter taste, add honey or maple syrup.', 25),
    ('Line a tray with baking paper. Spoon the mixture into clusters. Freeze for two hours until solid.', 25),
    ('Melt the chocolate with a little bit of oil over a double boiler. Dip the clouds into melted chocolate. Top with flaky sea salt. Leave in the fridge for 10 minutes.', 25),
    ('Peel and cut the mango into pieces and freeze for at least 2 hours.', 26),
    ('Add the frozen mango, ice cubes, sorbet, white rum and a splash of lime juice to a blender.', 26),
    ('Blend until creamy.', 26),
    ('Serve in a coupe glass with a lime wedge.', 26),
    ('In a salad bowl, mix diced salmon, spring onion, soy sauce, Mirin and  sesame oil. Season with pepper. Mix and set aside in the fridge for one hour to marinate.', 27),
    ('Cut the avocados in half and remove the pit. Remove the flesh from one avocado and place in a  bowl. Mash the flesh with a fork and mix with the quark, lime zest and juice, chopped herbs and a  little salt and pepper.', 27),
    ('Place the other avocado halves on a plate and fill them with a spoonful of salmon tartare. Serve immediately with the avocado and white cheese herb sauce on the side.', 27),
    ('Mix the soft butter and icing sugar with an electric mixer until you have a homogeneous mass.', 28),
    ('Add the egg and mix again.', 28),
    ('Add the flour, almond powder, salt and half a lemon peel.', 28),
    ('Leave the dough to rest for at least 3 hours in the fridge.', 28),
    ('Roll out the dough and cut out 8 heart shapes with a cookie cutter. Prick the hearts with a fork to prevent the dough from forming lumps.', 28),
    ('Bake the hearts at 160°C fan for 14 minutes.', 28),
    ('Split the vanilla pod in half.', 28),
    ('Boil the cream with the vanilla seeds.', 28),
    ('Pour the cream over the white chocolate and mix the ganache with a hand blender.', 28),
    ('Filter the ganache and leave it to rest for 5 hours in the fridge.', 28),
    ('Beat the ganache with an electric mixer and put it in a bag with a plain tip.', 28),
    ('Take the first heart and place the ganache on top.', 28),
    ('Place the second heart on top and pipe the whipped cream again.', 28),
    ('Decorate your heart with red fruit as desired.', 28),
    ('Place a large sieve on a saucepan and line with a cheesecloth. Measure out the lemon juice and keep it to hand.', 29),
    ('In a second saucepan, bring the whole milk to the boil, stirring constantly. Once the milk boils, reduce the heat to a minimum and gradually stir in the lemon juice until the white cheese has separated from the yellow-green whey.', 29),
    ('Pour the mixture into the sieve lined with the cloth and leave the liquid to drain for a few minutes. Carefully tie the cloth to squeeze out the rest of the liquid by hand.', 29),
    ('Tie the cheese tightly in the cloth to form a package and leave to stand for 2-3 hours with a chopping board or other heavy object weighting it down.', 29),
    ('Remove the paneer from the cloth and cut into small pieces or store in an airtight container with water in the refrigerator.', 29),
    ('Tip: Paneer can alternatively be spiced up with coriander, turmeric, or other spices by adding them to the milk before cooking.', 29),
    ('Preheat the oven to 200°C.', 30),
    ('Wash and cut the cherry tomatoes in half. Mince the garlic.', 30),
    ('Place the cherry tomatoes and garlic in an ovenproof dish and drizzle with olive oil. Add the oregano, a pinch of sea salt and some fresh rosemary.', 30),
    ('Bake for 15 minutes.', 30),
    ('Stir the faisselle and spread it in a bowl. Arrange the cherry tomatoes with their oil, fresh herbs, and lemon zest on top.', 30),
    ('Serve with toasted baguette slices.', 30),
    ('Add the chocolate milk, chocolate, sugar and agar agar to a saucepan. Bring up to a boil. Cook for 3 minutes while stirring constantly.', 31),
    ('Pour the mixture into a chocolate milk packaging (with the previously cut off top) and allow to chill. Refrigerate at least 4 hours or overnight to set.', 31),
    ('Remove the pudding from the mould, sprinkle with cocoa powder or chopped hazelnuts, cut into slices and serve it straight away.', 31),
    ('Dissolve the crumbled yeast in the warm water with a fork.', 32),
    ('Pour the flour and salt into the bowl of a food processor and mix well with a spoon. Add the yeast, dissolved in the water, to the bowl.', 32),
    ('Run the food processor (hook attachment) on low speed for 3 minutes.  Then continue kneading for 8 minutes on medium speed. Remove the hook and form the dough into a ball. Cover the dough with a clean cloth and let it rise for 20 minutes in a warm place.', 32),
    ('Put the dough onto a floured work surface. Knead the dough well with your hands and add more flour if it sticks too much. Shape the dough into balls of about 60 g.', 32),
    ('Cut a long piece of string for each ball. Place the middle of the string on top of each ball and wrap the string around the dough forming a +, then an x that crosses in the middle.  Leave a larger piece sticking out on one side, this will be the sheep\""s head.  Close the string with a loose knot. Place the rolls on a baking tray covered with parchment paper.', 32),
    ('Let the dough rise for about 30 minutes.', 32),
    ('Place the buns in the preheated oven at 210°C and bake for 20-25 minutes.  Place a heat-resistant container of water at the bottom of the oven while baking.', 32),
    ('Remove the buns from the oven and carefully remove the strings while they""re still warm.', 32),
    ('Cut the backs of the sheep in half (but not the head). With the wiring icing, glue an eye on the sheep\""s face and draw a mouth. Place cottage cheese on the backs of the sheep. Season with salt and pepper. Wash and chop the chives and sprinkle some on the cottage cheese.', 32),
    ('Place flour, yeast, sugar and salt in a standing mixer and briefly mix with the dough hook to combine. Add an egg and milk, and mix on medium speed for 3 minutes. Add butter, adding a few cubes at a time, until incorporated. Continue mixing for about 10 minutes on medium speed, until the dough is completely smooth and soft.', 33),
    ('Transfer the dough to an oiled bowl and cover tightly with plastic wrap. Place in the fridge for at least half a day or overnight to rise.', 33),
    ('In a heat proof saucepan place chocolate, butter, fresh cream, cocoa powder, powdered sugar, and salt. Set over a pot of simmering water, ensuring that the bowl does not touch the water, and heat while stirring often, until the mixture is melted and smooth. Set aside to cool. You can place it in the fridge for a short while until it thickens and you get a spreadable consistency.', 33),
    ('Remove the dough from the refrigerator and leave it at room temperature for 30 minutes until it’s easy to work with. On a lightly floured surface, roll the dough out to a rectangle (approx. 60 x 40 cm). Position the dough so that a long side is closest to you. Spread the chocolate filling over the dough. Starting with the long side, roll up the rectangle into a tight spiral. Using a knife, gently cut the roll in half lengthwise to get two stripes for two bretzels. Gently twist each stripe until you get a spiral look, then twist into a pretzel shape.', 33),
    ('Place both pretzels on a parchment lined baking tray. Cover with a kitchen towel and leave to rise for 1 hour at room temperature.', 33),
    ('Preheat the oven to 180°C and bake for about 25 minutes, until the bretzels are golden brown on top.', 33),
    ('While the bretzels are still in the oven, make the syrup. Combine water and granulated sugar in a small saucepan and bring to the boil, then boil for 1-2 minutes.  Brush the hot baked bretzels with syrup and allow to cool before icing it.', 33),
    ('Make the icing, mixing the powdered sugar with the milk to become a thick icing. Drizzle bretzels with icing and sprinkle with almond flakes.', 33),
    ('Leave to set for at least 1 hour before serving.', 33),
    ('Preheat the oven to 220°C/200°C fan.', 34),
    ('Dilute the tomato paste with 3 tbsp of water and season the mixture with dried oregano.', 34),
    ('Place the pastry sheet on a baking sheet lined with parchment paper and cut about 1 cm from the edge.', 34),
    ('Poke a few holes in the surface of the sheet with a fork and spread the diluted tomato paste on top and bake for 10 – 15 minutes.', 34),
    ('Remove the puff pastry from the oven, then add all the toppings (except the rocket) and bake for another 10 – 12 minutes.', 34),
    ('Garnish with a few rocket leaves.', 34),
    ('Mix egg, sugar, milk, flour, salt, baking powder and cinnamon into a smooth batter. Let stand for 5 minutes.', 35),
    ('Cut the apples in 0,7 cm thick slices. Remove and discard apple seeds.', 35),
    ('Using heart shaped cookie cutter cut hearts out of apple slices.', 35),
    ('Heat the pancake pan over medium heat and grease it with a little butter.', 35),
    ('Dip the apple slices into the batter and place it in the pan. Bake the apple hearts for 2 minutes on each side.', 35),
    ('Repeat with remaining apple slices.', 35),
    ('Serve warm with a little bit of powdered sugar, honey and berry fruits.', 35),
    ('Beat the eggs in a bowl and add the sugar, 1 tbsp vanilla sugar and salt. Mix the ingredients well with a hand mixer. Gradually add the flour and milk and mix well with the mixer. Then add the melted butter and mix well until you have a smooth dough (without lumps). Leave the dough to rest in the fridge for 1 hour.', 36),
    ('Take the cream out of the fridge and pour it into a bowl.  Add 2 tbsp vanilla sugar. Whip the cream with a hand mixer until stiff.  Pour the whipped cream into a piping bag with a nozzle so that you can decorate the pancakes later and pipe on the clowns\"" hair.  Put the piping bag in the fridge and take it out just before serving.', 36),
    ('Put some oil in a pan. Pour some batter into the pan with a ladle and spread it thinly. Bake the pancake on both sides and set aside on a plate.  Repeat the baking steps until the batter is used up.', 36),
    ('Decorate the pancakes with whipped cream, fruit pieces and sprinkles by forming clown heads.  Let your imagination run wild.', 36),
    ('Add the oats, milk, coffee, almond extract and maple syrup to a lidded container.', 37),
    ('Mix with a spoon until combined. Close airtightly.', 37),
    ('Place in the refrigerator overnight (or at least 6 hours).', 37),
    ('The next day, add the yogurt to the oats mixture and stir.', 37),
    ('Sprinkle with cocoa or build your breakfast in a glass by alternating layers of overnight oats, cocoa and yogurt.', 37),
    ('Start by soaking the fruit and making the meringues the night before serving: put the fruit into a small bowl, pour the rum over, stir and cover. Leave to soak for 8 hours or overnight.', 38),
    ('The next day, take the egg nog ice cream out of the freezer and leave out on the counter for 5 minutes. Meanwhile, crush the spekulatius biscuits and put in a large bowl. Add the ice cream and soaked dried fruit, then mix it all quickly so it’s evenly distributed. Put the ice cream back in the tub and freeze for at least another hour before serving.', 38),
    ('To make the Xmas tree meringues: Preheat the oven to 100°C fan.  Beat the egg white and the sugar until stiff and shiny, and all the sugar grains have dissolved. Add the cornstarch and vinegar, beat again.', 38),
    ('Add some green food colouring to get your desired colour and mix until evenly distributed. Put the meringue mix into a piping bag fitted with a star-shaped nozzle.', 38),
    ('Pipe little Christmas trees the size of a 1€ coin onto a baking tray lined with baking paper and decorate with sprinkles.', 38),
    ('Bake the meringues in the preheated oven for 1 ½ hours. Turn off the oven and leave to rest in the oven for another hour. Store in a tin away from any moisture.', 38),
    ('Meanwhile, make the rum caramel sauce: put the brown sugar, butter and cream into a saucepan and bring to a boil, stirring all the time. Cook for 3 minutes, until the sauce thickens. Take off the heat and stir in the rum. Leave to cool before serving.', 38),
    ('When ready to serve, scoop out 2 scoops of egg nog ice cream per portion, drizzle with rum caramel and add two Xmas tree meringues.', 38),
    ('Cut open the avocado, remove the stone and scrape out the flesh. Put in a bowl and mix with the lime zest, coriander, smoked paprika powder and chili and season with salt and pepper.', 39),
    ('In a second bowl, mix the crayfish with a squeeze of lime juice and a bit of salt.', 39),
    ('Drain the faisselle and put in a third bowl. Add the cream, season generously with salt and pepper and mix.', 39),
    ('Put a layer of avocado cream at the bottom of 6 verrines, top with crayfish, then with faisselle. Decorate with trout eggs and refrigerate until needed.', 39),
    ('Put a sandwich bread slice onto a chopping board and flatten with a rolling pin.', 39),
    ('Using a star-shaped cookie cutter, cut out stars from each flattened bread slice.', 39),
    ('Melt the garlic and herb butter. Brush the stars on both sides with melted butter, then fry them in a frying pan until nicely golden.', 39),
    ('Serve the verrines straight out of the fridge and decorate with bread stars.', 39),
    ('Preheat the oven to 180°C fan.', 40),
    ('Fry the bacon lardons in a dry frying pan for 3 minutes until lightly browned. Set aside.', 40),
    ('Combine the flour, salt, baking powder, bicarbonate of soda, cheeses and a good pinch of pepper in a large bowl. In a jug, mix the egg, melted butter and kefir.', 40),
    ('Pour the egg mixture over the dry ingredients and stir, using a spatula, until just combined. Fold in the cooled bacon and spring onion until combined.', 40),
    ('Distribute the batter between 30 greased holes of a mini muffin tin and bake in the preheated oven for 15 minutes. Leave to cool on a wire rack.', 40),
    ('While the muffins are in the oven, prepare the frosting. Put the sour cream and mustard with a pinch of salt in a bowl and stir to combine. Transfer into a piping bag fitted with a star-shaped nozzle and refrigerate until needed.', 40),
    ('Once the muffins are cold, pipe some frosting on each and sprinkle with chopped chives.', 40),
    ('INFO: These are best served on the day they are made. You can keep them in a tin overnight and reheat them briefly in the oven to refresh the next day. They also freeze very well and, once defrosted, can be reheated in the oven to crispen up before serving.', 40),
    ('Preheat oven to 220°C.', 41),
    ('Cut the brie horizontally in half. In a small, buttered baking dish, spread a sheet of puff pastry on the base, top with one half of the cheese, cut side facing upwards. Fold the dough around the cheese, brush with some of the beaten egg. Repeat with the second half of the brie.', 41),
    ('Bake for 15 – 20 minutes or until the pastry is golden.', 41),
    ('In the meantime, peel the pomegranate and put the grains in a bowl.', 41),
    ('Roast the walnuts in a pan with some honey.', 41),
    ('To serve, spoon some of the pomegranate over the brie and top with fresh thyme and the roasted walnuts.', 41),
    ('Preheat the oven to 200°C fan.', 42),
    ('Prick the potatoes in a few places with a fork, then place in a baking tray and rub with a bit of olive oil.', 42),
    ('Bake in the preheated oven for 1 hour or until tender.', 42),
    ('Take out of the oven and leave to cool for 20 minutes.', 42),
    ('Cut open lengthwise and scoop out most of the flesh, leaving the skins intact, and put in a bowl.', 42),
    ('Melt the garlic and herb butter and add to the potatoes in the bowl along with the sour cream, salt, 50g of the Emmental and a bit of pepper. Finely chop the chives and add to the bowl. Mix into a purée with an electric hand whisk.', 42),
    ('Fill the potato skins with the potato purée, then sprinkle with the remaining cheese. Bake in the oven for another 20 minutes.', 42),
    ('Meanwhile, fry the bacon in a dry frying pan. Drain on some kitchen paper, then roughly chop.', 42),
    ('Once the potatoes are out of the oven, top with a dollop of sour cream and sprinkle with the bacon crumbs and more chives.', 42),
    ('Whip the cream with the icing sugar and grated tonka bean until stiff. Transfer into a piping bag fitted with a star-shaped nozzle and refrigerate until needed.', 43),
    ('Whip the cream with the icing sugar and grated tonka bean until stiff. Transfer into a piping bag fitted with a star-shaped nozzle and refrigerate until needed.', 43),
    ('Heat the egg nog with the pumpkin spice in a small saucepan until almost boiling, stirring constantly. Remove from the heat and stir through the rum.', 43),
    ('Distribute the egg nog between the two mugs, top each with a good portion of whipped cream and decorate with sprinkles and mini marshmallows.', 43),
    ('*To make your own pumpkin spice, mix 1 tsp cinnamon, 1 tsp ginger, ¼ tsp allspice, a pinch of nutmeg and a pinch of ground cloves. This will make enough for 5 portions of spiced egg nog.', 43),
    ('Preheat the oven to 125°C fan.', 44),
    ('Start by making the crust: Put the cookies into a food processor and blitz into fine crumbs. Add the cinnamon and melted butter to the food processor, whizz briefly to combine.', 44),
    ('Seal the baking tin so the cheesecake doesn’t leak too much: Place a rectangular piece of baking paper on the plate of a 23cm springform. Place the ring onto the plate with the baking paper, and close. Fold up the baking paper sticking out from the ring, so it reaches up the sides of the tin. Wrap the bottom and sides of the tin tightly with a big piece of foil.', 44),
    ('Distribute the spekulatius crumbs on the base and press to form an even base. Refrigerate while preparing the topping.', 44),
    ('For the topping: Finely chop the chocolate. Heat the egg nog in a small saucepan over a low heat until it starts to simmer, stirring continuously. Stir through the chocolate until melted. Set aside.', 44),
    ('Put the quark, cream cheese, sugar, salt and vanilla extract into a mixing bowl and mix until evenly combined. Add one egg at a time until fully incorporated. Add the egg nog with the melted chocolate and mix to get a smooth mixture.', 44),
    ('Take the springform out of the fridge and place on a baking tray, as it might still leak a bit. Pour the topping over the base. Bake the cheesecake for 1h 30mins in the preheated oven.', 44),
    ('After 1h30mins, take the cake out of the oven (it will still look very wobbly) and leave to cool completely on a wire rack.', 44),
    ('Once cool, refrigerate the cheesecake for at least 12 hours before taking it out of the tin and serving.', 44),
    ('Just before serving, make the egg nog whipped cream: put the cream and the icing sugar in a bowl and whip until it starts to get stiff. Add the egg nog and cream stabilizer and whip for a minute until it becomes a smooth whipped cream that holds. Put into a piping bag fitted with a star-shaped nozzle.', 44),
    ('Take the cheesecake out of the springform by cutting along the sides of the tin, then put it on a serving plate. Pipe the whipped cream onto the cheesecake, decorate with festive sprinkles and serve.', 44),
    ('Using a small, pointy knife, cut the tops off the peppers in a zig zag pattern. Carefully remove the tops so they don’t break. Cut off the seeds and any white flesh from inside. Carve spooky Halloween faces into the sides of the peppers, keeping the offcuts to fry with the onion.', 45),
    ('Put the couscous into a large mixing bowl with a pinch of salt and top with just-boiled vegetable stock. Cover with a plate and set aside to soak.', 45),
    ('Peel and finely chop the onion. Heat 20g butter in a frying pan and fry the onion and pepper offcuts with a pinch of salt for 5 minutes until soft. Add to the couscous in the bowl.', 45),
    ('Preheat the oven to 180°C fan.', 45),
    ('Put all the ingredients for the pesto in a small blender and blitz into a fine paste. Adjust the seasoning with salt and pepper, then stir through the couscous in the bowl.', 45),
    ('Cut the brie into small 1cm cubes and fold through the couscous.', 45),
    ('Stuff each pepper with the couscous stuffing, pushing in the filling so it tightly fits. Top each pepper with its lid, securing it with 2 toothpicks.', 45),
    ('Brush a baking form with a bit of olive oil and lay the peppers – face side up – into the form. Cover with foil and bake in the preheated oven for 35 minutes.', 45),
    ('Meanwhile, make the sauce: Peel and finely chop the onion. Heat the olive oil in a saucepan and fry the onion for 5 minutes with a pinch of salt until soft. Peel and crush the garlic and add to the onion with the fennel seeds, fry for another minute.', 45),
    ('Add the red wine to the onions and cook for a minute, then add the tomato passata, herbes de Provence and sugar and leave to simmer on a low heat for 10 minutes.', 45),
    ('Put a bit of sauce onto each plate, then top with a pepper.', 45),
    ('Tip: For a speedier version, use ready-made pesto and tomato sauce.', 45),
    ('Start with the pickled cucumbers: finely slice the cucumbers and put in a jar. Add the vinegar, water, salt, sugar, peppercorns and dill. Screw on the lid and shake. Top up with a little extra water, if necessary, so the cucumbers are completely submerged under the liquid. Keep in the fridge until serving.', 46),
    ('Prepare the meatballs: Slice open the Wäinzoossiss sausages, take the meat out of the skin and put in a bowl. Peel and grate the onion and add to the bowl with the mustard, nutmeg, dill, egg, 50 ml of cream, breadcrumbs and salt and pepper. Mix well and set aside.', 46),
    ('Shape 20 little meatballs out of the meat mixture and put on a plate.', 46),
    ('Melt 15g butter and 1 tbsp oil in a large frying pan. Fry the meatballs for 10 minutes, turning them regularly, until browned on all sides and cooked through. Take out of the pan.', 46),
    ('Melt 40g of butter for the sauce in the pan, stir through the flour and cook for a minute to form a roux. Gradually whisk in the beef stock, followed by 100ml of cream. Cook for 5 minutes to thicken, season with salt and pepper to taste.', 46),
    ('Peel the potatoes and cut into dice. Put into a large saucepan with salted water, cover and bring to the boil, then cook for 15 minutes until soft.', 46),
    ('Drain the cooked potatoes and mash with the butter and cream. Season to taste with salt and pepper. Cover to keep warm and set aside.', 46),
    ('Distribute the mash between 4 plates. Top each with 5 meatballs and a generous ladle of sauce. Serve with pickled cucumbers and lingonberry sauce.', 46),
    ('Preheat the oven to 200°C. Cut the squash in half lengthwise. Scrape out the seeds with a spoon. Remove the flesh from the squash, leaving only 1 cm along the skin.', 47),
    ('Lightly oil the outside of the squashes and put them in the oven for 20 minutes.', 47),
    ('Peel the onions and slice them. Heat a saucepan over low heat with the butter. Add the onions and sauté until transparent. Add the bacon and brown it. Set aside', 47),
    ('Cut the flesh of the squash into small cubes. Fry in olive oil until the squash is half cooked.', 47),
    ('Add the chestnuts (chopped into pieces). Mix with the bacon and onions. Garnish the squashes with this mixture. Bake again for 15 minutes.', 47),
    ('When the squash is cooked through, add the Kachkéis on top of the squash and bake for another 5 minutes', 47),
    ('Dry roast the hazelnuts in a pan and chop them very coarsely. Remove the squash from the oven and top with hazelnuts. Serve with a salad.', 47),
    ('Put the flour, sugar, salt, baking powder and baking soda in a food processor and mix. Cut the cold butter into cubes and add to the food processor. Blitz for a few minutes until the mixture resembles fine breadcrumbs and there are no lumps left. If you don’t want to use a food processor, you can rub the butter and the dry ingredients together with your hands until it resembles breadcrumbs.', 48),
    ('Pour the flour mix in a bowl. Add the fermented milk, vanilla extract and blueberries, and stir through the dry ingredients with a spatula until just combined. Briefly knead with your hands to create a dough that holds together – don’t overknead it to keep a fluffy texture.', 48),
    ('Take the dough out of the bowl and turn it onto a lightly floured surface. Shape into a 15cm large, 3cm high disk.', 48),
    ('Cut out 6 triangles put the scones on a tray lined with baking paper. Place in the fridge for 15 minutes for the scones to become cool.', 48),
    ('Meanwhile, preheat the oven to 200°C fan.', 48),
    ('After 15 minutes, brush the tops with cream, sprinkle with a bit of sugar and bake in the preheated oven for about 18 minutes until lightly browned and a skewer comes out clean.', 48),
    ('Leave the scones to cool on a wire rack. Once cool, mix the icing sugar with the lime juice and drizzle over the scones. Leave to set before serving.', 48),
    ('These are best eaten on the day they’re made.', 48),
    ('Cut the ham roughly to the same size as the bread slices. Layer them  with cheese, then with two slices of ham each, followed by a little more  cheese and then cover with the remaining slices of bread.', 49),
    ('Mix the softened LUXLAIT garlic herb butter with the mustard and spread  the mixture on both sides of the sandwiches.', 49),
    ('Place in a frying pan and fry over a low to medium heat for 2 – 3 minutes  on each side until golden.', 49),
    ('Line a 20x30 cm baking pan with parchment paper. Brush a medium bowl with butter. Add the cereals, cranberries and dried mango to the bowl; stir gently to combine.', 50),
    ('Melt 4 tablespoons of butter in a medium saucepan over medium-high heat. Add the marshmallows and cook, stirring, until melted, about 1 minute. Pour into the bowl with the cereal mixture; stir gently to combine everything evenly. Press half the cereal mixture into the prepared pan in an even layer. Cover with a sheet of parchment paper and repeat with the rest of the cereal mixture forming a second layer. Freeze until firm, about 30 minutes.', 50),
    ('In the meantime, take the sorbets out of the refrigerator to let them slightly soften, about 10 minutes before use. Take the cereal mixture out of the freezer, remove first layer and keep aside. Spread the sorbets on the cereal mix in the pan, alternating between mango and raspberry sorbet and swirling them slightly together. Place the second cereal mixture loaf on top and press lightly. Cover and freeze until firm, for about 2 hours.', 50),
    ('To serve, remove from the pan and use a sharp knife to cut into squares.', 50),
    ('TIP: To press the cereal mixture into the pan, dip a tablespoon into cold water so the mixture will not stick to the spoon.', 50),
    ('Start with the tabbouleh. Put the bulgur and 80g of garlic herb butter in a bowl with ½ tablespoon of salt. Add 300ml of boiling water, stir, cover with a plate and leave to soak for 20 minutes.', 51),
    ('Melt 45g of garlic herb butter for the salmon, and mix with the honey, grated zest of 1 lemon and 2 tablespoons of lemon juice.', 51),
    ('Cut the salmon fillets into bite-sized cubes. Cut 1 ½ lemon into little quarter wedges. Threat the salmon onto skewers, alternating with lime wedges, so that you get 8 skewers in total.', 51),
    ('Pour the melted butter over the salmon skewers and season with salt and pepper. Leave to marinate at room temperature for 20 minutes.', 51),
    ('Meanwhile, peel the cucumber, cut open and scrape out the seeds. Cut into small dice of ½ cm. Cut the cherry tomatoes into quarters. Finely chop the parsley and mint. Add everything to the soaked bulgur and adjust the seasoning with lemon juice, salt and pepper. Refrigerate until serving.', 51),
    ('Once the salmon has marinated for 20 minutes, grill the skewers on the barbecue for 5 minutes, turning them a few times, until nicely charred.', 51),
    ('Serve the salmon skewers with tabbouleh and some lemon wedges.', 51),
    ('TIP: You can serve this dish with a dollop of yoghurt mixed with a bit of lemon zest, crushed garlic, salt and pepper.', 51),
    ('Put the asparagus a bowl and toss with a bit of olive oil. Heat a griddle pan and grill the asparagus for 5 minutes (or longer, depending on thickness), turning them regularly so that they get lightly charred on all sides and they are cooked through. Season with salt and pepper and set aside.', 52),
    ('Roast the pine nuts in a dry frying pan and set aside.', 52),
    ('Put all the ingredients for the vinaigrette in a small food processor and whizz into a dressing. Set aside.', 52),
    ('Cut the brie into 8 wedges. Crack the egg into a deep plate and whisk with a fork. Put the breadcrumbs into a second plate and season with salt and pepper.', 52),
    ('Dip each brie wedge into the egg, then toss in the breadcrumbs so they are evenly coated.', 52),
    ('Cover the bottom of a frying pan generously with vegetable oil. Put the pan over a medium heat and, once the oil is hot, fry the brie wedges approximately 1 minute on each side until browned all over. Take out of the pan and drain on a plate lined with kitchen paper.', 52),
    ('Put the salad leaves in a salad bowl, add the basil and vinaigrette and toss so the salad is evenly covered in vinaigrette. Divide the salad between 2 plates, top with grilled asparagus and fried brie wedges, then sprinkle over the pine nuts and raspberries. Serve immediately.', 52),
    ('Mix the flour, butter, caster sugar and fleur de sel with a mixer until you have a sandy mixture. Bake half of the mix for 15 minutes at 180°C. Quickly knead the rest of the mix into a smooth dough and refrigerate until the crumble is baked. Roll out the dough to about ½ cm thick and cut out biscuits with a 5-cm round cutter. Bake them at 180°C for 15 minutes.', 53),
    ('Put the lemon zest, juice, sugar and butter in a heatproof glass bowl over a pan of simmering water. Stir occasionally until the butter has melted. Then, using a small whisk or fork, stir in the beaten eggs. Keep gently whisking the mixture over the heat for around 10 minutes until thickened like custard. Pour the cooked curd through a sieve into a clean jug to remove the zest, then pour into sterilised jars. Keeps in the fridge for up to 2 weeks.', 53),
    ('To serve, place a spoonful of crumble at the bottom of a glass or jar, top with lemon curd, place a cookie in the middle and spread the meringue pieces around. Add a scoop op LUXLAIT lemon sorbet in the middle and decorate with lemon zest and some mint leaves.', 53),
    ('Put the eggs into a bowl and whisk together with the sugar, vanilla sugar and vanilla extract. Add the melted butter, whisk again, then add the flour and salt and beat to a smooth batter. Set aside to rest at room temperature for 30 minutes. This will make the batter less runny.', 54),
    ('After 30 minutes, switch on a round waffle iron. Butter the iron, then pour a heaped teaspoon of batter into the centre. Close and bake the waffle until golden (every waffle maker is different, it can take between 30 seconds and 2 minutes, just open it from time to time to peek inside).', 54),
    ('Open the waffle iron and roll up the waffle with a fork, then transfer to a cooling rack. Continue with the remaining batter, there’s no need to butter the iron again after the first waffle.', 54),
    ('Leave to cool completely, then store in a tin for up to a week.', 54),
    ('Preheat the oven to 170°C fan.', 55),
    ('Peel the onion and cut into slices.', 55),
    ('Fry the bacon lardons for a few minutes in a dry frying pan so that they release their fat and until they start getting some colour. Put into a bowl and set aside.', 55),
    ('Melt the butter in the pan used for the bacon and fry the onions over a low heat for about 10 minutes until meltingly soft. Set aside.', 55),
    ('In a bowl, beat the faisselle and eggs with a fork until evenly combined, season with ¼ teaspoon of salt and some pepper.', 55),
    ('Unroll the shortcrust pastry and cut crosswise in four.', 55),
    ('Put a pastry piece into a buttered 12-cm quiche mold and fold back any excess. Repeat with the remaining pastry.', 55),
    ('Distribute the onions and bacon lardons between the four quiches, then top each with the egg flan. Sprinkle with Emmental cheese and bake in the preheated oven for 30 minutes.', 55),
    ('Serve hot or cold.', 55),
    ('Melt 40g of butter and brush the insides of 6 ramequin molds holding 120ml volume. Put in the fridge for 2 minutes to set. Once set, brush again all over with melted butter, then dust generously with cocoa powder so the entire molds are covered. Put back in the fridge while preparing the moelleux.', 56),
    ('Put the remaining 120g butter in a small saucepan. Cut the chocolate into chunks and add to the butter. Melt in a bain-marie: Put a bit of water at the bottom of a large saucepan and bring to the boil. Put the saucepan with the butter and chocolate in the saucepan with the boiling water – making sure that it doesn’t touch the water – and stir until everything has melted. Set aside.', 56),
    ('Break the eggs in a bowl and vigorously whisk with the sugar and vanilla extract until pale. Pour in the melted chocolate while whisking, then stir through the flour and salt.', 56),
    ('Distribute the batter between the 6 ramequins and put in the fridge for at least 1 hour or overnight before baking.', 56),
    ('Preheat the oven to 180°C fan. Put the ramequins on a baking tray and bake in the preheated oven for 18 minutes.* Remove from the oven and leave to rest for 1 minute before turning out onto plates.', 56),
    ('*The timing of getting the perfect moelleux is tricky. If you use bigger or smaller molds, or if your oven is slightly different, the result will differ. The moelleux should have risen, the top be firm to the touch, but still feel very soft inside.', 56),
    ('Add a scoop of Luxlait pistachio ice cream to each moelleux, then dust with icing sugar, sprinkle with chopped pistachios and serve immediately.', 56),
    ('Grease a 25 x 20cm cake tin and line the base with baking paper.', 57),
    ('Separate 4 eggs, putting the whites into a large, and the yolks into a small bowl.', 57),
    ('Add a pinch of salt to the egg whites and beat until stiff.', 57),
    ('In a large bowl, beat the soft butter, sugar and vanilla sugar. Add the 4 egg yolks and beat, then add the remaining two whole eggs and beat again. Add the rum and beat some more.', 57),
    ('In a separate bowl, mix the flour, cornstarch and baking powder. Gradually add the flour mix to the butter mix, beating between additions.', 57),
    ('Fold in the stiff egg whites with a spatula until you get an even, aerated batter.', 57),
    ('Preheat the oven grill to high.', 57),
    ('Spread a thin, even layer of batter onto the base of the cake tin and grill just below the oven grill for about 3 minutes until the top has browned.', 57),
    ('Meanwhile, put 1½ tbsp sugar, 75ml water and 1½ tbsp rum into a small saucepan and heat until all the sugar has dissolved.', 57),
    ('Heat up the apricot jam in a separate saucepan so it becomes runny.', 57),
    ('Take the cake tin out of the oven and brush the surface with some apricot jam, then add another thin, even layer of batter. Grill for another 3 minutes until it has set.', 57),
    ('Once the second layer is baked, brush some of the rum syrup over the cake.', 57),
    ('Spread another layer of batter on top of the cake, pop under the grill for 3 minutes, then brush the grilled surface with apricot jam. Repeat this process until all the dough is used up – alternating between apricot jam and syrup layers (you will get about 10 layers).', 57),
    ('Once you get to the last layer, heat the oven to 180°C fan. Bake the cake for 10 minutes to ensure the cake is fully baked.', 57),
    ('Leave the cake to cool in its tin for 15 minutes. Turn out onto a wire rack and leave to cool completely.', 57),
    ('Once the cake is cool, prepare the icing by mixing all the ingredients together in a small bowl. Spread over the top of the cake and leave to set for a few hours.', 57),
    ('Once the icing has set, cut the cake into thin slices and serve.', 57),
    ('This cake keeps wrapped in foil for 4 days.', 57),
    ('Preheat the oven to 180°C fan.', 58),
    ('Cut the salmon into eight long slices. Lay out the sole ﬁllets, season with salt and pepper, then top with a few tarragon leaves. Place a salmon slice at the end of each sole ﬁllet and roll them up, securing them with a toothpick.', 58),
    ('Grease an ovenproof dish that snugly ﬁts the roulades. Put the roulades into the dish, add the bay leaf and peppercorns and pour over the white wine. Cover the dish with foil and bake the ﬁsh for 20 minutes.', 58),
    ('Meanwhile, prepare the rice and the spinach.', 58),
    ('Rinse the rice in a sieve until the water runs clear. Put in a saucepan with the water, the melted butter and a pinch of salt. Cover, bring to the boil and cook for 15-20 minutes until all the water is absorbed. Remove the lid, put a clean tea towel on the saucepan, cover with the lid again and leave to steam for 5 minutes.', 58),
    ('Blanch the spinach in a large saucepan with boiling salted water for 1 minute. Drain in a sieve, squeezing out most of the liquid, and set aside. Peel and ﬁnely chop the onion. Peel and crush the garlic clove.', 58),
    ('Melt the butter in a large frying pan and fry the onion for 4 minutes until soft. Add the garlic and fry for another minute. Add the drained spinach and the cream and heat through. Season with salt and pepper, cover and set aside until ready to serve.', 58),
    ('Once the ﬁsh is done, switch off the oven and strain the liquid from the ovenproof dish into a bowl. Put the roulades back into the warm oven while making the sauce.', 58),
    ('For the sauce, melt the butter in a saucepan, add the ﬂour and fry for a couple of minutes. Add the white wine and leave it to cook for a minute or so, so that it thickens. Gradually add the ﬁsh juices and the cream in the same way.', 58),
    ('Once you have a smooth sauce season with salt and pepper. Take the ﬁsh out of the oven. If there are more juices in the ovenproof dish add them to the sauce.', 58),
    ('Put 2 roulades onto each plate and serve with sauce, spinach and rice.', 58),
    ('Peel and finely chop the onion.', 59),
    ('Trim the French beans and cut into bite-sized pieces. Peel the potato and cut into 1 cm cubes. Set aside.', 59),
    ('Melt the butter in a large saucepan and fry the onion for 4 minutes until soft. Add the flour and fry for another minute, then add the vegetable stock, beans and potatoes with the bay leaf and summer savoury.', 59),
    ('Bring to the boil, cover and simmer for 10 minutes, until the vegetables are cooked through.', 59),
    ('Meanwhile, slice the Mettwurscht sausages.', 59),
    ('After 10 minutes, add the Mettwurscht slices and cook for another 5 minutes.', 59),
    ('Stir through the cream and distribute the soup between four plates, serve immediately.', 59),
    ('Put a baking tray in the oven and preheat the oven to 200°C fan.*', 60),
    ('Put the flour in a bowl. Cut the butter into little cubes, add to the flour and rub between your ﬁngers until the mix resembles rough breadcrumbs. Add the oats, mixed seeds, bicarbonate of soda and salt and stir to combine. Pour in the buttermilk and mix gently with a wooden spoon until it all comes together into a sticky dough.', 60),
    ('Tip the dough onto a well-floured surface, roll in the flour until no longer sticky, then shape into a round loaf, measuring approximately 20cm in diameter.', 60),
    ('Take the baking tray out of the oven and put a piece of baking paper on it, then lift the loaf on it and cut a cross into the top. Bake in the preheated oven for 45 minutes. The bread is done when the bottom of the loaf sounds hollow when tapped.', 60),
    ('Transfer onto a wire rack and leave to cool before eating.', 60),
    ('*Or use a pizza stone if you have one. Bake the bread directly on the hot stone, no need for baking paper.', 60),
    ('Cut the chicken into small cubes and put into a large sealable container. Add the buttermilk and toss well to coat, then leave to soak in the fridge for at least 15 minutes.', 61),
    ('In the meantime, add the crumbled cornflakes, flour, salt and pepper to a large bowl and combine. Preheat the oven to 220°C and line a baking sheet with parchment paper.', 61),
    ('Carefully remove the chicken pieces one by one from the container, place in the crumb mixture and toss well to thoroughly coat each piece. Place on the baking sheet, leaving ample space in between and drizzle with oil. Bake for about 15 – 20 minutes, ensuring that the chicken is completely cooked inside.', 61),
    ('For the Korean style sauce: Combine the soy sauce, honey, gochujang, ginger, sesame oil, rice vinegar, garlic and 50 ml of water in a small saucepan over a high heat. Bring to the boil, then lower heat and leave to simmer for 10 minutes or until the sauce has thickened into a glaze. Keep warm.', 61),
    ('Transfer the chicken into a large bowl, top with the sauce and toss well to coat. Decorate with sesame seeds and spring onions. Serve warm.', 61),
    ('Start with the whipped cream: Put the cream and icing sugar in a jug and beat until stiff. Fold through the Amaretto, if using. Refrigerate until serving.', 62),
    ('Crack the egg into a deep plate, add the milk, sugar and a pinch of cinnamon and beat until well mixed.', 62),
    ('Cut out 8 large hearts from the bread slices. Spread the chocolate spread onto 4 hearts and top with the remaining 4 hearts.', 62),
    ('Melt 10g of butter in a large frying pan, big enough to fit 2 hearts.', 62),
    ('Dip two hearts into the egg mix, so that the bread is fully covered in egg. Fry the hearts in the butter for a few minutes until browned all around, then put on a plate. Melt the remaining 10g of butter and fry the remaining two hearts.', 62),
    ('Dust the hearts with a bit of icing sugar and serve with a dollop of whipped cream and raspberries.', 62),
    ('Peel and quarter the potatoes. Put into a large saucepan with salted water, cover and bring to the boil, then cook for 15 minutes until soft.', 63),
    ('Meanwhile, trim the leek and discard the green tops. Finely slice, put in a colander and wash under a running tap. Set aside.', 63),
    ('Cut the chicken into bite-sized chunks and set aside.', 63),
    ('Cook the peas in boiling salted water for 2 minutes, drain and set aside.', 63),
    ('Put a tablespoon of oil in a large, deep frying pan and fry the bacon lardons for a few minutes until browned. Put in a big mixing bowl. Add another tablespoon of oil to the pan and fry the chicken pieces with a pinch of salt and pepper until browned. Add to the bowl with the bacon.', 63),
    ('Melt 50g butter in the pan used for the meat and fry the leek for approximately 8 minutes until soft. Peel and crush the garlic clove and fry with the leek for another minute. Stir the flour through the leeks, then add the white wine and cook for a minute. Gradually add 500ml milk, stirring between additions to thicken. Once all the milk is used up, stir through the two mustards. Season to taste with salt and pepper, then pour the sauce into the bowl with the chicken. Add the cooked peas and stir to combine.', 63),
    ('Put the chicken filling into a large baking dish measuring approximately 40 x 25 cm.', 63),
    ('Preheat the oven to 180°C fan.', 63),
    ('Once the potatoes are soft, drain and mash the cooked potatoes. Add 20g butter, Kachkéis and 50ml milk and season to taste with salt and pepper.', 63),
    ('Put the mash into a piping bag fitted with a round nozzle and pipe the mash all over the warm chicken filling.', 63),
    ('Drizzle a bit of melted butter over the mash, then bake the pie in the preheated oven for 20 minutes until the filling is bubbling and the mash is golden.', 63),
    ('Preheat the oven to 180°C fan.', 64),
    ('Lay out a veal escalope on a chopping board and, using a rolling pin, gently bash the meat to flatten a bit. Season with salt and pepper.', 64),
    ('Put a ham slice on the escalope, followed by 2 slices of cheese. Roll up the escalope and set aside. Repeat with the remaining 3 escalopes.', 64),
    ('Heat the butter in a frying pan and fry the cordon bleu rolls until browned on each side. Put into a baking dish and set aside.', 64),
    ('Put the mushrooms in the frying pan with the leftover fat from frying the meat. Fry until all the mushroom juices have been released and absorbed, and the mushrooms are browning. Add the crushed garlic and fry for another couple of minutes.', 64),
    ('Add the white wine and cook for another couple of minutes, then add the cream and bring to the boil. Dilute the cornstarch in 4 tablespoons of water and add to the boiling cream, stir to thicken. Season to taste with salt and pepper.', 64),
    ('Pour the mushroom sauce over the cordon bleus in the baking dish.', 64),
    ('Mix the Emmental cheese and the panko and sprinkle over the cordon bleus.', 64),
    ('Bake in the preheated oven for 25 minutes.', 64),
    ('Sprinkle with parsley before serving.', 64),
    ('TIP: This dish goes well with a side of boiled potatoes and French beans, or a simple green salad.', 64),
    ('Preheat the oven to 180°C fan. Cut the baguettes into bite sized pieces and put into a large baking tray.', 65),
    ('In a small bowl, mix the mustards with the water and stir until smooth. Pour the mustard over the bread pieces and mix with your hands until the bread is evenly covered. Sprinkle with salt.', 65),
    ('Bake in the preheated oven for 15 minutes until crispy, turning the croutons halfway through so that they don\""t burn.', 65),
    ('Put the Kackéis, Gruyère and white wine into a fondue saucepan. Peel and crush the garlic cloves and add to the saucepan with a pinch of pepper, then melt everything into a smooth cheese fondue, stirring constantly.', 65),
    ('In a little jar dilute the cornstarch in the Kirsch, add to the cheese fondue and cook for a couple of minutes so the fondue thickens.', 65),
    ('Serve the fondue with the mustard croutons and a green salad.', 65),
    ('Trim the leeks and cut off the dark green top, discard. Cut the leek into quarters lengthwise, then cut into slices so that you end up with approximately 500g. Put in a colander and wash under a running tap.', 66),
    ('Peel the potatoes and cut into 2cm cubes.', 66),
    ('Melt 25g butter in a large saucepan and add the leek. Cook for 5 minutes until the leek is softened.', 66),
    ('Meanwhile, peel and crush the garlic. Add to the leek after 5 minutes and cook for another minute.', 66),
    ('Add the white wine, bring to the boil and cook for 2 minutes. Then, add the potatoes, stock and Kachkéis. Bring to the boil, cover and simmer on a medium heat for 20 minutes until the potatoes are soft.', 66),
    ('Meanwhile, make the croutons: Preheat the oven to 180°C fan.', 66),
    ('Cut the bread into cubes and put into a large roasting tin.', 66),
    ('In a small bowl, mix the two mustards with the melted butter and stir until smooth. Pour the mustard over the bread pieces and mix with your hands until the bread is evenly covered. Sprinkle with salt.', 66),
    ('Bake in the preheated oven for 15 minutes until crispy, turning the croutons halfway through so that they don\""t burn.', 66),
    ('After 20 minutes when the potatoes are soft, take the soup off the heat and purée with a stick blender until smooth. Adjust the seasoning with salt and pepper.', 66),
    ('Serve each portion of soup with a sprinkle of chives or parsley, a swirl of cream and some mustard croutons.', 66),
    ('Heat the oven to 160°C fan.', 67),
    ('Slice open the croissants lengthwise and spread the raspberry jam over one half, then sandwich them together. Cut the croissants into halves.', 67),
    ('Lightly butter an ovenproof dish approximately 20x30cm. Arrange the croissants in the dish, so they overlap slightly.', 67),
    ('To make the custard, heat the milk, cream and vanilla extract in a saucepan to just below boiling point. Meanwhile whisk the eggs with the sugar in a jug. Slowly pour the warm milk mixture over the eggs, while stirring vigorously until smooth. If using Amaretto, stir it through now.', 67),
    ('Pour the custard over the croissants, sprinkle the flaked almonds over the dish and bake in the preheated oven for 30 minutes.', 67),
    ('Scatter some raspberries over the baked pudding and dust with icing sugar. Serve immediately.', 67),
    ('Put the egg nog in a saucepan. Put over a medium heat and bring to a simmer while stirring. As soon as the liquid simmers, remove from the heat.', 68),
    ('Meanwhile, soak the gelatin sheets in a bowl with cold water for 5 minutes. Drain, squeeze out any excess liquid and add the soaked gelatin to the warm egg nog. Stir until the gelatin has dissolved.', 68),
    ('Pour the egg nog into 4 verrines, leaving a little space at the top for the speculoos.', 68),
    ('Cover with cling film and refrigerate for at least 5 hours (best is overnight) to set.', 68),
    ('Once the pannacotta has set, remove the cling film and crumble some Spekulatius cookies over the pannacotta before serving.', 68),
    ('Cut the Kachkéis log into pieces. Put into a fondue saucepan with the wine and cream and melt, while stirring.', 69),
    ('Once the cheese has melted, peel and crush the garlic cloves and add to the Kachkéis with the grated Gruyère and some pepper. Melt into a smooth cheese fondue, stirring constantly.', 69),
    ('In a little jar dilute the cornstarch in the Kirsch, add to the cheese fondue and cook for a couple of minutes so the fondue thickens.', 69),
    ('Serve the fondue with the mustard croutons and a green salad.', 69),
    ('Preheat the oven to 180°C fan.Cut the baguettes into bite sized pieces and put into a large baking tray.', 69),
    ('In a small bowl, mix the mustards with the water and stir until smooth. Pour the mustard over the bread pieces and mix with your hands until the bread is evenly covered. Sprinkle with salt.', 69),
    ('Bake in the preheated oven for 15 minutes until crispy, turning the croutons halfway through so that they don\""t burn.', 69),
    ('Put all the Kniddelen ingredients into a large bowl and mix with an electric whisk until you get a smooth batter. Season with salt and pepper.', 70),
    ('Fill a large saucepan with boiling water and add a generous pinch of salt. Grab portions of batter with a teaspoon, and dip it into the boiling water, pushing the batter off the spoon with a second spoon, so it slides into the saucepan and sinks to the bottom. Repeat until the bottom of the saucepan is covered with dumplings.', 70),
    ('Keep boiling until the dumplings float to the surface– then leave them to cook for another 2 minutes. Remove the dumplings from the water with a slotted spoon and put into a bowl which you cover with a lid between additions to keep the Kniddelen warm. Repeat this process until all the batter is used up.', 70),
    ('Put the Kachkéis and white wine into a saucepan and bring to the boil while stirring. Leave to cook for a minute, then add the cream and the mustard and heat through.', 70),
    ('In a little jar dilute the cornstarch with 4 tablespoons of water, add to the sauce and cook for a couple of minutes so the sauce thickens.', 70),
    ('Divide the Kniddelen between 4 plates, top with Kachkéis sauce, sprinkle with chopped walnuts decorate with rocket.', 70),
    ('Using a 4-hole ice cream mold, stick a knife in the middle of one hole so that it creates a barrier. Put a few spoonfuls of cherry yoghurt on one side of the knife, then put a few spoonfuls of mango yoghurt on the other side. Fill up the entire mold, then pull out the knife.', 71),
    ('Continue with the remaining 3 holes, keeping 1 pot of cherry yoghurt aside for the next day. Place 4 wooden lolly sticks into the yoghurt, then freeze overnight.', 71),
    ('The next day, take the frozen yoghurt lollies out of the freezer and put under a running tap to loosen the lollies. Unmould each yoghurt lolly and dip the top into the remaining cherry yoghurt, then dip into some sprinkles.', 71),
    ('Put on a small tray lined with baking paper and repeat with the remaining lollies. Refreeze the lollies for at least half an hour before serving.', 71),
    ('Preheat the oven to 160°C fan.', 72),
    ('Cook the broad beans and the peas for 2 minutes in boiling salted water. Drain and run under a cold tap to cool.', 72),
    ('Slice the spring onion and mix with the cooled beans. Cut the beer cheese into small pieces.', 72),
    ('Line 10 holes of a muffin tin with muffin paper', 72),
    ('Cut each tortilla wrap into 12 triangles. Arrange 6 tortilla slices in a star-shape in each hole, with the pointy bits sticking out.', 72),
    ('Cut the ham into squares and put in each hole on top of the tortillas.', 72),
    ('Distribute half the cooked broad beans, peas and spring onions between the muffin holes, top with all the cheese then finish with the remaining greens.', 72),
    ('Beat together the eggs, cream, summer savoury and season with the salt and pepper.', 72),
    ('Pour the egg mixture into each muffin hole and bake in the oven for 18-20 minutes.', 72),
    ('The tortillas can be eaten hot or cold.', 72),
    ('Preheat the oven to 170°C fan.', 73),
    ('Cut the rhubarb into 1cm cubes. Trim the strawberries and cut into quarters. Put the fruit in a 20 x 25cm baking dish.', 73),
    ('Put the sugar into a little bowl. Grate about half the tonka bean into the sugar, or, if using a vanilla bean, cut open lengthwise, scrape out the seeds and stir through the sugar.', 73),
    ('Pour the sugar over the fruit and stir so all the fruit is coated in sugar.', 73),
    ('For the topping: Put the flour, baking powder, sugar, salt and oats in a mixing bowl. Add the cream and vanilla extract and mix into a batter.', 73),
    ('Distribute the batter over the fruit in the baking dish, so that you get 6 heaps. Sprinkle with a bit of flaked almonds and bake in the preheated oven for 40 minutes.', 73),
    ('Meanwhile, prepare the whipped cream. Pour the cream into a jug, add the icing sugar and whisk until stiff.', 73),
    ('After 40 minutes, take the cobbler out of the oven and serve hot or at room temperature, serving each portion with a dollop of whipped cream.', 73),
    ('Melt the butter and leave to cool slightly.', 74),
    ('Crumble the yeast into the milk, and stir to dissolve.', 74),
    ('In a large bowl, mix the flour, sugar and salt. Add the melted butter, milk and egg to the flour while kneading with the kneading attachment of a freestanding mixer. Knead the dough in the machine for 5 minutes (or for 10 minutes if kneading by hand). You want a soft, slightly sticky dough.', 74),
    ('Cover the bowl with the dough with a teatowel and leave to rest for 30 minutes.', 74),
    ('Meanwhile, prepare the filling: put the almonds, dark brown sugar, cinnamon and pinch of salt in a bowl. Separate the egg an only add the egg white to the bowl – reserve the egg yolk for later.  Add the apricot jam and mix, adding a bit of water if it seems too dry.', 74),
    ('Turn the dough onto a flour-dusted work surface and roll into a rectangle approximately 70 x 30 cm. Cut the rectangle four long strips. Spread the filling over two strips, then top each with another bar dough strip.', 74),
    ('Carefully twist each piece of pastry so it looks like a curly straw, then twist into a pretzel shape and put onto a baking tray lined with baking paper. Cover with two teatowels and leave to rest for 30 minutes.', 74),
    ('Meanwhile, mix the leftover egg yolk with a tablespoon of milk.', 74),
    ('Preheat the oven to 180°C fan.', 74),
    ('Before they go in the oven, brush each knot with the egg wash.', 74),
    ('Bake in the preheated oven for 25 minutes. As soon as they come out of the oven, brush the hot pretzels with apricot jam and transfer onto a wire rack to cool.', 74),
    ('Once cool, make the icing: mix the icing sugar with the milk to become a thick icing. Toast the flaked almonds in a frying pan until browned.', 74),
    ('Drizzle each pretzel with icing and sprinkle with almond flakes.', 74),
    ('Leave to set for at least 2 hours before serving, so that the icing becomes firm.', 74),
    ('Put the butter with the sugar, vanilla sugar and vanilla extract in a bowl and mix. Add the soft white cheese and mix again. Add the eggs one at a time, beating between additions. Add the flour, baking powder and salt and mix to get a smooth batter.', 75),
    ('Heat the oil in a deep-fat fryer or large saucepan to 180°C.', 75),
    ('Fry the Quarkbällchen in batches: take a teaspoon of batter and shape into a ball with a second teaspoon. Slide into the hot oil and fry the balls in batches for approximately 4 minutes, stirring regularly with a slotted spoon until the balls are nicely browned all over.', 75),
    ('In a deep plate, mix the sugar with some cinnamon and set aside.', 75),
    ('Remove the fried balls with a slotted spoon and drain on a piece of kitchen paper, then roll the hot balls in the cinnamon sugar.', 75),
    ('Continue with the remaining batter until everything is used up.', 75),
    ('These are best eaten on the day they are made or they can be frozen. They are best reheated briefly in the microwave, so that they are slightly warm.', 75),
    ('Preheat the oven to 180°C fan-assisted.', 76),
    ('Pour the pasta into boiling, salted water. When the pasta reaches a boil, cook for 2 minutes, until it is not quite al dente. Drain and rinse with cold water, set aside.', 76),
    ('In a pan, melt the Kachkéis with the mustard, Mozzarella and 100 ml of the crème fraiche. Mix the remaining 40 ml of crème fraiche with the Le Moulin sauce flour and add to the pan. Heat through until you have a thick sauce.', 76),
    ('Add the macaroni to the sauce, mix together and place in a buttered gratin dish.', 76),
    ('Put the panko breadcrumbs and the Parmesan in a bowl. Mix the melted butter with the mustard, then pour it into the breadcrumbs and mix together.', 76),
    ('Spread the breadcrumb mix over the macaroni in the gratin dish. Place in the oven and cook for 20 minutes until the breadcrumb topping is golden.', 76),
    ('TIP: If you want to prepare the dish in advance, keep the sauce in the saucepan and the pasta separate. Heat the sauce before adding the pasta and continue with the recipe. This will stop the dish from drying out.', 76),
    ('Preheat the oven to 170°C fan.', 77),
    ('Put the milk, water, butter, truffle oil and salt in a saucepan and bring to the boil. Add the flour in one go and beat vigorously with a wooden spoon until the dough forms a ball.', 77),
    ('Take the saucepan off the heat and add one egg, beating vigorously to incorporate it into the dough. It will at first look like it won’t come together, but just keep on beating until you get a smooth dough. Repeat with the second egg.', 77),
    ('Once all the eggs are incorporated, fold through the grated cheese and season with pepper.', 77),
    ('Transfer the batter into a piping bag and pipe little 3cm mounts on a baking tray lined with baking paper.', 77),
    ('Make the egg wash by mixing the egg yolk with a tablespoon of milk. Sprinkle with poppy seeds and grated cheese.', 77),
    ('Brush each gougère with the egg wash, then bake in the preheated oven for 20-25 minutes until nicely browned.', 77),
    ('Put on a wire rack and leave to cool completely.', 77),
    ('Once cool, put the crème de chapelain into a piping bag fitted with a small round nozzle. Stick the nozzle into the bottom of the puff and pipe some crème de chapelain into each gougère and serve.', 77),
    ('Cut the butter into cubes and put in a mixing bowl together with the icing and vanilla sugars and mix.', 78),
    ('Slice the vanilla bean lengthways, scrape out the seeds, add them to the bowl and mix.', 78),
    ('Add the egg and mix again, then add the flour and salt and beat into a smooth dough.', 78),
    ('Flatten the dough into two discs, wrap in cling film and refrigerate for 30 minutes.', 78),
    ('After 30 minutes, preheat the oven to 170°C fan.', 78),
    ('Roll out the chilled dough on a surface dusted with flour. Cut out cookies with a Luxembourg-shaped cookie cutter and place on a baking tray lined with baking paper.', 78),
    ('Bake in the preheated oven for 10 minutes or until browned at the edges', 78),
    ('Transfer to a wire rack and leave to cool completely.', 78),
    ('Once the cookies are cool, prepare the icing. Put 40g of icing sugar in a small bowl, add 1 ½ tablespoons of honey schnapps and a few drops of red food colouring and mix into a smooth icing. Decorate one third of the cookies with the red icing.', 78),
    ('Repeat the same process with the blue food colouring, then mix the remaining icing sugar with the remaining honey schnapps to create the white icing.', 78),
    ('Leave the iced cookies to set for at least 1 hour.', 78),
    ('The cookies will keep in a tin for at least 1 week.', 78),
    ('TIP: You can replace the honey schnapps with lemon juice or milk for an alcohol-free treat.', 78),
    ('Melt the butter in the milk, either in a small saucepan or in the micro- wave, and let it cool.', 79),
    ('In a salad bowl, mix the eggs one after the other with the flour and dilute by adding the milk-butter mix- ture little by little.', 79),
    ('Add the grated LUXLAIT Emmental cheese, season with salt and pepper and mix again.', 79),
    ('Preheat the oven to 200 °C.', 79),
    ('Place the silicone mould on a baking tray and pour the mixture in, filling 2/3 of each cavity.', 79),
    ('Cut the salmon into small pieces. Then add a few small pieces of salmon to each small groove. Keep some for dressing.', 79),
    ('Bake in the oven for about 20 minutes.', 79),
    ('Wait 2 minutes before unmoulding your mini cannelés. Arrange them in a serving dish and add a small piece of salmon to each bite. These mini cannelés can easily be prepared in advance and even frozen. After defrosting, simply reheat them for a few seconds in the microwavebefore eating them.', 79);

-- Shoppingcart SQL from autor @Forlu102 (Formica Luca)
 
    CREATE TABLE tblShoppingCart(
        idCart INT NOT NULL AUTO_INCREMENT,
        dtAmount INT NOT NULL,
        fiProduct INT NOT NULL,
        fiUsername VARCHAR(10) NOT NULL,
        PRIMARY KEY (idCart),
        FOREIGN KEY (fiProduct) REFERENCES tblProduct (idProduct) ON DELETE CASCADE ON UPDATE CASCADE,
        FOREIGN KEY (fiUsername) REFERENCES tblUser (idUsername) ON DELETE CASCADE ON UPDATE CASCADE
    );

    INSERT INTO tblShoppingCart (dtAmount, fiProduct, fiUsername) VALUES
    (5, 74, 'frith033'),
    (5, 133, 'frith033'),
    (2, 183, 'frith033'),
    (1, 102, 'frith033'),
    (1, 128, 'frith033'),
    (2, 112, 'frith033'),
    (5, 16, 'frith033'),
    (5, 158, 'frith033'),
    (1, 161, 'frith033'),
    (3, 52, 'frith033'),
    (5, 144, 'frith033'),
    (4, 208, 'frith033'),
    (2, 195, 'frith033'),
    (5, 86, 'frith033'),
    (5, 194, 'frith033'),
    (1, 45, 'frith033'),
    (4, 18, 'frith033'),
    (5, 63, 'frith033'),
    (1, 46, 'frith033'),
    (1, 155, 'frith033'),
    (5, 93, 'frith033'),
    (4, 142, 'frith033'),
    (1, 113, 'frith033'),
    (4, 87, 'frith033'),
    (2, 164, 'frith033'),
    (1, 3, 'guoka342'),
    (2, 17, 'guoka342'),
    (1, 5, 'guoka342');

-- Payment SQL from autor @LuxReis (GUO Kaidi)
 
    CREATE TABLE tblPayment(
        idPayment INT NOT NULL AUTO_INCREMENT,
        dtDate DATETIME NOT NULL,
        dtTotalPrice DOUBLE NOT NULL,
        dtStatus VARCHAR(10) NOT NULL,
        PRIMARY KEY (idPayment)
    );

    INSERT INTO tblPayment (dtDate, dtTotalPrice, dtStatus) VALUES
    ('2024-04-30', 12.12, 'Unpaid');


-- Many to Many with tblShoppingCart and tblPayment SQL from autor @LuxReis (GUO Kaidi)

    CREATE TABLE tblHave(
        fiCart INT NOT NULL,
        fiPayment INT NOT NULL,
        PRIMARY KEY (fiCart,fiPayment),
        FOREIGN KEY (fiCart) REFERENCES tblShoppingCart (idCart) ON DELETE CASCADE ON UPDATE CASCADE,
        FOREIGN KEY (fiPayment) REFERENCES tblPayment (idPayment) ON DELETE CASCADE ON UPDATE CASCADE
    );
    INSERT INTO tblHave VALUES
    (26,1),
    (27,1),
    (28,1);

 
-- Delievery SQL from autor @LuxReis (GUO Kaidi)
 
    CREATE TABLE tblDelivery(
        idDelivery INT NOT NULL AUTO_INCREMENT,
        dtStatus VARCHAR(20) NOT NULL,
        fiPayment INT NOT NULL,
        PRIMARY KEY (idDelivery),
        FOREIGN KEY (fiPayment) REFERENCES tblPayment (idPayment) ON DELETE CASCADE ON UPDATE CASCADE
    );
